date,customer_id,region,product,revenue,units_sold,discount_pct,customer_segment
2022-01-01,CUST_0001,North,Product E,40398.67,368,0.09,Enterprise
2022-01-31,CUST_0001,North,Product B,42481.01,97,0.21,SMB
2022-03-02,CUST_0001,North,Product E,45029.58,93,0.18,Startup
2022-04-01,CUST_0001,North,Product C,45296.08,336,0.19,Enterprise
2022-05-01,CUST_0001,North,Product D,47118.19,41,0.02,SMB
2022-05-31,CUST_0001,North,Product E,42551.88,357,0.24,Startup
2022-06-30,CUST_0001,North,Product E,45148.77,77,0.23,Enterprise
2022-07-30,CUST_0001,North,Product C,41231.81,287,0.04,Startup
2022-08-29,CUST_0001,North,Product B,37592.43,468,0.23,Enterprise
2022-09-28,CUST_0001,North,Product C,28744.27,151,0.14,Startup
2022-10-28,CUST_0001,North,Product E,37802.49,56,0.14,Startup
2022-11-27,CUST_0001,North,Product A,39387.19,43,0.09,Startup
2022-12-27,CUST_0001,North,Product E,46152.27,491,0.22,Startup
2023-01-26,CUST_0001,North,Product D,47075.77,191,0.18,Startup
2023-02-25,CUST_0001,North,Product B,51746.97,103,0.2,Enterprise
2023-03-27,CUST_0001,North,Product B,51430.2,331,0.17,Startup
2023-04-26,CUST_0001,North,Product A,46285.04,360,0.1,Startup
2023-05-26,CUST_0001,North,Product A,50627.1,409,0.23,Enterprise
2023-06-25,CUST_0001,North,Product B,41242.78,416,0.12,Startup
2023-07-25,CUST_0001,North,Product A,40665.67,459,0.05,Enterprise
2023-08-24,CUST_0001,North,Product E,34125.47,275,0.09,Enterprise
2023-09-23,CUST_0001,North,Product C,35372.46,452,0.01,Startup
2023-10-23,CUST_0001,North,Product D,40680.37,428,0.13,SMB
2023-11-22,CUST_0001,North,Product D,42535.23,296,0.08,SMB
2022-01-01,CUST_0002,North,Product A,71671.77,296,0.22,Startup
2022-01-31,CUST_0002,North,Product A,76458.64,40,0.1,SMB
2022-03-02,CUST_0002,North,Product C,85617.6,135,0.06,Startup
2022-04-01,CUST_0002,North,Product E,85673.82,200,0.23,Enterprise
2022-05-01,CUST_0002,North,Product D,76259.15,488,0.04,Startup
2022-05-31,CUST_0002,North,Product E,88632.4,495,0.1,SMB
2022-06-30,CUST_0002,North,Product E,88797.01,268,0.25,Startup
2022-07-30,CUST_0002,North,Product A,68534.74,408,0.24,Startup
2022-08-29,CUST_0002,North,Product E,81719.14,57,0.15,Enterprise
2022-09-28,CUST_0002,North,Product E,73439.68,48,0.06,Enterprise
2022-10-28,CUST_0002,North,Product C,86053.36,332,0.02,Startup
2022-11-27,CUST_0002,North,Product B,91282.62,152,0.02,Startup
2022-12-27,CUST_0002,North,Product B,99739.63,372,0.11,SMB
2023-01-26,CUST_0002,North,Product D,111060.98,336,0.19,Enterprise
2023-02-25,CUST_0002,North,Product C,123827.75,19,0.1,SMB
2023-03-27,CUST_0002,North,Product C,119789.74,413,0.23,Startup
2023-04-26,CUST_0002,North,Product A,134710.01,346,0.07,Startup
2023-05-26,CUST_0002,North,Product A,109860.39,128,0.24,Enterprise
2023-06-25,CUST_0002,North,Product B,106769.6,403,0.24,Enterprise
2023-07-25,CUST_0002,North,Product E,123821.4,120,0.21,Startup
2023-08-24,CUST_0002,North,Product E,105036.09,392,0.11,SMB
2023-09-23,CUST_0002,North,Product E,103556.07,438,0.14,Enterprise
2023-10-23,CUST_0002,North,Product C,104650.68,321,0.19,Startup
2023-11-22,CUST_0002,North,Product A,133176.67,333,0.13,Startup
2022-01-01,CUST_0003,North,Product C,51533.48,20,0.08,Startup
2022-01-31,CUST_0003,North,Product E,62476.62,357,0.02,SMB
2022-03-02,CUST_0003,North,Product E,61263.35,148,0.06,Startup
2022-04-01,CUST_0003,North,Product E,74030.29,386,0.16,SMB
2022-05-01,CUST_0003,North,Product B,65682.13,472,0.13,SMB
2022-05-31,CUST_0003,North,Product E,71461.21,218,0.1,Startup
2022-06-30,CUST_0003,North,Product E,65767.12,200,0.09,SMB
2022-07-30,CUST_0003,North,Product D,54986.26,112,0.09,Startup
2022-08-29,CUST_0003,North,Product C,56635.31,336,0.23,SMB
2022-09-28,CUST_0003,North,Product E,43823.42,197,0.24,Enterprise
2022-10-28,CUST_0003,North,Product B,57299.99,113,0.12,SMB
2022-11-27,CUST_0003,North,Product C,63499.69,466,0.18,Enterprise
2022-12-27,CUST_0003,North,Product A,74956.81,89,0.05,Enterprise
2023-01-26,CUST_0003,North,Product D,82977.64,227,0.06,Enterprise
2023-02-25,CUST_0003,North,Product D,87898.18,482,0.21,SMB
2023-03-27,CUST_0003,North,Product E,95504.42,363,0.12,SMB
2023-04-26,CUST_0003,North,Product E,91585.86,233,0.22,SMB
2023-05-26,CUST_0003,North,Product E,83631.35,475,0.0,Startup
2023-06-25,CUST_0003,North,Product A,77205.05,62,0.07,SMB
2023-07-25,CUST_0003,North,Product C,66110.81,233,0.25,Enterprise
2023-08-24,CUST_0003,North,Product A,71040.81,391,0.2,Startup
2023-09-23,CUST_0003,North,Product C,66554.75,339,0.15,Enterprise
2023-10-23,CUST_0003,North,Product C,73649.52,265,0.21,SMB
2023-11-22,CUST_0003,North,Product E,76109.71,373,0.13,SMB
2022-01-01,CUST_0004,East,Product D,39165.2,95,0.01,Startup
2022-01-31,CUST_0004,East,Product B,43355.12,289,0.21,Startup
2022-03-02,CUST_0004,East,Product A,39276.39,96,0.11,Startup
2022-04-01,CUST_0004,East,Product B,43515.8,335,0.01,Startup
2022-05-01,CUST_0004,East,Product B,43643.78,157,0.2,Startup
2022-05-31,CUST_0004,East,Product B,43216.54,360,0.04,Enterprise
2022-06-30,CUST_0004,East,Product B,40165.94,204,0.04,Startup
2022-07-30,CUST_0004,East,Product A,32181.07,89,0.09,SMB
2022-08-29,CUST_0004,East,Product B,30629.82,487,0.15,SMB
2022-09-28,CUST_0004,East,Product A,27974.99,64,0.19,Startup
2022-10-28,CUST_0004,East,Product C,28190.47,146,0.03,Enterprise
2022-11-27,CUST_0004,East,Product A,32397.06,321,0.19,SMB
2022-12-27,CUST_0004,East,Product D,36294.06,253,0.01,Enterprise
2023-01-26,CUST_0004,East,Product E,46087.99,492,0.22,Enterprise
2023-02-25,CUST_0004,East,Product E,47843.66,403,0.23,Enterprise
2023-03-27,CUST_0004,East,Product D,46423.58,314,0.17,Startup
2023-04-26,CUST_0004,East,Product C,48968.78,188,0.04,Enterprise
2023-05-26,CUST_0004,East,Product C,36112.73,199,0.2,Enterprise
2023-06-25,CUST_0004,East,Product E,39019.94,385,0.1,Startup
2023-07-25,CUST_0004,East,Product A,36080.02,183,0.16,SMB
2023-08-24,CUST_0004,East,Product C,31754.01,418,0.2,Startup
2023-09-23,CUST_0004,East,Product E,29556.05,414,0.16,SMB
2023-10-23,CUST_0004,East,Product E,32840.13,72,0.25,Enterprise
2023-11-22,CUST_0004,East,Product D,37472.62,481,0.08,SMB
2022-01-01,CUST_0005,South,Product A,51543.6,488,0.09,Enterprise
2022-01-31,CUST_0005,South,Product A,71557.2,94,0.11,SMB
2022-03-02,CUST_0005,South,Product E,74177.15,96,0.06,Startup
2022-04-01,CUST_0005,South,Product E,73612.35,287,0.24,Startup
2022-05-01,CUST_0005,South,Product B,68630.07,431,0.12,Startup
2022-05-31,CUST_0005,South,Product A,60234.66,113,0.03,SMB
2022-06-30,CUST_0005,South,Product A,66783.09,22,0.04,Startup
2022-07-30,CUST_0005,South,Product C,65512.9,151,0.03,Enterprise
2022-08-29,CUST_0005,South,Product E,51395.12,279,0.02,Enterprise
2022-09-28,CUST_0005,South,Product A,53913.94,220,0.13,SMB
2022-10-28,CUST_0005,South,Product A,61160.91,26,0.03,SMB
2022-11-27,CUST_0005,South,Product E,70905.61,448,0.06,SMB
2022-12-27,CUST_0005,South,Product E,80895.15,369,0.15,Startup
2023-01-26,CUST_0005,South,Product A,74012.14,474,0.08,Enterprise
2023-02-25,CUST_0005,South,Product C,74935.07,200,0.05,Enterprise
2023-03-27,CUST_0005,South,Product C,101816.33,446,0.05,Enterprise
2023-04-26,CUST_0005,South,Product A,98061.89,242,0.1,Startup
2023-05-26,CUST_0005,South,Product A,80598.42,168,0.17,Enterprise
2023-06-25,CUST_0005,South,Product B,67007.86,39,0.1,Enterprise
2023-07-25,CUST_0005,South,Product E,82486.32,488,0.22,SMB
2023-08-24,CUST_0005,South,Product B,70235.76,306,0.15,Enterprise
2023-09-23,CUST_0005,South,Product E,56902.72,361,0.13,SMB
2023-10-23,CUST_0005,South,Product A,77823.67,397,0.06,Startup
2023-11-22,CUST_0005,South,Product A,67326.34,361,0.12,SMB
2022-01-01,CUST_0006,South,Product D,44608.87,12,0.16,Enterprise
2022-01-31,CUST_0006,South,Product D,56376.48,356,0.18,SMB
2022-03-02,CUST_0006,South,Product C,69698.79,485,0.24,Startup
2022-04-01,CUST_0006,South,Product D,72228.47,450,0.1,Enterprise
2022-05-01,CUST_0006,South,Product D,69572.04,240,0.05,Startup
2022-05-31,CUST_0006,South,Product D,72902.17,157,0.1,Enterprise
2022-06-30,CUST_0006,South,Product B,57022.27,496,0.17,Startup
2022-07-30,CUST_0006,South,Product B,65819.61,321,0.17,Enterprise
2022-08-29,CUST_0006,South,Product B,53722.11,350,0.06,Enterprise
2022-09-28,CUST_0006,South,Product D,52425.13,494,0.13,Enterprise
2022-10-28,CUST_0006,South,Product C,69708.55,378,0.2,Startup
2022-11-27,CUST_0006,South,Product C,58591.49,318,0.25,Startup
2022-12-27,CUST_0006,South,Product B,80688.67,417,0.21,Enterprise
2023-01-26,CUST_0006,South,Product D,83085.27,81,0.01,Startup
2023-02-25,CUST_0006,South,Product B,98431.71,284,0.01,Enterprise
2023-03-27,CUST_0006,South,Product C,115660.49,360,0.05,Enterprise
2023-04-26,CUST_0006,South,Product A,100343.51,149,0.0,Startup
2023-05-26,CUST_0006,South,Product B,101249.19,295,0.12,Enterprise
2023-06-25,CUST_0006,South,Product D,100572.36,53,0.21,SMB
2023-07-25,CUST_0006,South,Product E,107464.9,47,0.06,Enterprise
2023-08-24,CUST_0006,South,Product C,87094.2,361,0.19,SMB
2023-09-23,CUST_0006,South,Product C,94786.71,483,0.01,SMB
2023-10-23,CUST_0006,South,Product C,100156.82,232,0.18,Enterprise
2023-11-22,CUST_0006,South,Product A,101697.62,56,0.09,Startup
2022-01-01,CUST_0007,South,Product D,82166.79,20,0.15,Enterprise
2022-01-31,CUST_0007,South,Product B,93937.89,478,0.02,Enterprise
2022-03-02,CUST_0007,South,Product D,91086.58,43,0.14,Enterprise
2022-04-01,CUST_0007,South,Product D,85577.63,335,0.01,SMB
2022-05-01,CUST_0007,South,Product E,87855.82,289,0.23,SMB
2022-05-31,CUST_0007,South,Product D,86574.39,121,0.18,Startup
2022-06-30,CUST_0007,South,Product C,62975.53,218,0.07,Startup
2022-07-30,CUST_0007,South,Product C,70623.11,464,0.04,Startup
2022-08-29,CUST_0007,South,Product D,52599.1,34,0.04,SMB
2022-09-28,CUST_0007,South,Product A,54941.17,54,0.21,SMB
2022-10-28,CUST_0007,South,Product B,66365.91,410,0.02,Enterprise
2022-11-27,CUST_0007,South,Product E,71969.14,23,0.22,SMB
2022-12-27,CUST_0007,South,Product C,64640.89,399,0.01,SMB
2023-01-26,CUST_0007,South,Product A,86477.29,326,0.12,Startup
2023-02-25,CUST_0007,South,Product A,83902.73,149,0.24,Startup
2023-03-27,CUST_0007,South,Product D,82122.31,87,0.08,Startup
2023-04-26,CUST_0007,South,Product C,92436.59,200,0.09,Enterprise
2023-05-26,CUST_0007,South,Product B,72226.11,17,0.22,Enterprise
2023-06-25,CUST_0007,South,Product B,72590.2,181,0.22,Enterprise
2023-07-25,CUST_0007,South,Product A,65062.12,156,0.13,Startup
2023-08-24,CUST_0007,South,Product C,57216.08,94,0.16,Enterprise
2023-09-23,CUST_0007,South,Product C,47680.69,141,0.14,Enterprise
2023-10-23,CUST_0007,South,Product A,56914.92,454,0.05,SMB
2023-11-22,CUST_0007,South,Product C,56042.59,131,0.2,SMB
2022-01-01,CUST_0008,South,Product A,43908.31,443,0.0,Enterprise
2022-01-31,CUST_0008,South,Product D,62005.78,426,0.13,Enterprise
2022-03-02,CUST_0008,South,Product C,55079.95,472,0.1,Startup
2022-04-01,CUST_0008,South,Product D,61415.33,269,0.18,SMB
2022-05-01,CUST_0008,South,Product E,70072.12,168,0.16,Enterprise
2022-05-31,CUST_0008,South,Product E,74044.28,393,0.16,SMB
2022-06-30,CUST_0008,South,Product B,56911.54,241,0.08,Startup
2022-07-30,CUST_0008,South,Product B,54252.44,261,0.03,Startup
2022-08-29,CUST_0008,South,Product C,47138.03,367,0.16,Startup
2022-09-28,CUST_0008,South,Product E,50043.3,196,0.1,SMB
2022-10-28,CUST_0008,South,Product A,50696.04,324,0.16,Startup
2022-11-27,CUST_0008,South,Product E,59484.25,236,0.14,Startup
2022-12-27,CUST_0008,South,Product A,81071.14,422,0.06,SMB
2023-01-26,CUST_0008,South,Product B,93554.73,476,0.24,Enterprise
2023-02-25,CUST_0008,South,Product E,77434.92,442,0.13,SMB
2023-03-27,CUST_0008,South,Product E,95485.31,462,0.1,SMB
2023-04-26,CUST_0008,South,Product E,82703.98,479,0.11,Enterprise
2023-05-26,CUST_0008,South,Product A,90444.16,418,0.16,Startup
2023-06-25,CUST_0008,South,Product A,96571.31,406,0.21,SMB
2023-07-25,CUST_0008,South,Product A,69232.96,349,0.25,Startup
2023-08-24,CUST_0008,South,Product A,68756.99,298,0.24,Enterprise
2023-09-23,CUST_0008,South,Product B,66863.15,147,0.05,Enterprise
2023-10-23,CUST_0008,South,Product D,84449.91,66,0.13,SMB
2023-11-22,CUST_0008,South,Product E,76208.36,196,0.06,Enterprise
2022-01-01,CUST_0009,North,Product A,45712.92,226,0.13,Startup
2022-01-31,CUST_0009,North,Product E,50822.76,392,0.2,Startup
2022-03-02,CUST_0009,North,Product A,51050.14,402,0.0,Enterprise
2022-04-01,CUST_0009,North,Product A,44930.86,483,0.05,Enterprise
2022-05-01,CUST_0009,North,Product E,55775.1,171,0.25,Enterprise
2022-05-31,CUST_0009,North,Product E,48440.93,391,0.06,Startup
2022-06-30,CUST_0009,North,Product E,48400.56,81,0.24,Startup
2022-07-30,CUST_0009,North,Product B,37967.33,78,0.2,SMB
2022-08-29,CUST_0009,North,Product A,39628.81,173,0.23,Startup
2022-09-28,CUST_0009,North,Product E,30749.95,169,0.1,Startup
2022-10-28,CUST_0009,North,Product D,36463.1,383,0.15,SMB
2022-11-27,CUST_0009,North,Product E,40489.79,475,0.04,Startup
2022-12-27,CUST_0009,North,Product B,38099.33,452,0.06,SMB
2023-01-26,CUST_0009,North,Product A,50260.98,157,0.14,Startup
2023-02-25,CUST_0009,North,Product A,50771.51,27,0.23,Startup
2023-03-27,CUST_0009,North,Product B,45694.3,411,0.03,Startup
2023-04-26,CUST_0009,North,Product D,42155.5,382,0.24,Enterprise
2023-05-26,CUST_0009,North,Product B,43921.62,136,0.09,SMB
2023-06-25,CUST_0009,North,Product A,35992.15,218,0.1,Enterprise
2023-07-25,CUST_0009,North,Product E,41439.7,461,0.16,Startup
2023-08-24,CUST_0009,North,Product A,30006.42,444,0.15,Enterprise
2023-09-23,CUST_0009,North,Product C,36946.01,104,0.02,Enterprise
2023-10-23,CUST_0009,North,Product E,28813.71,97,0.14,Startup
2023-11-22,CUST_0009,North,Product B,33406.07,489,0.16,Enterprise
2022-01-01,CUST_0010,South,Product E,76427.53,393,0.07,Enterprise
2022-01-31,CUST_0010,South,Product A,94104.93,88,0.01,SMB
2022-03-02,CUST_0010,South,Product E,98468.06,289,0.22,Startup
2022-04-01,CUST_0010,South,Product B,112196.71,225,0.09,Enterprise
2022-05-01,CUST_0010,South,Product D,104434.66,404,0.05,SMB
2022-05-31,CUST_0010,South,Product D,99364.88,168,0.11,SMB
2022-06-30,CUST_0010,South,Product D,91247.79,443,0.01,Startup
2022-07-30,CUST_0010,South,Product B,100778.18,223,0.2,Startup
2022-08-29,CUST_0010,South,Product B,82255.45,344,0.01,Startup
2022-09-28,CUST_0010,South,Product E,76277.71,123,0.24,Enterprise
2022-10-28,CUST_0010,South,Product A,86905.77,321,0.16,Startup
2022-11-27,CUST_0010,South,Product D,105940.68,324,0.02,SMB
2022-12-27,CUST_0010,South,Product C,108718.2,264,0.01,Startup
2023-01-26,CUST_0010,South,Product D,128266.74,287,0.16,SMB
2023-02-25,CUST_0010,South,Product B,142139.53,159,0.07,Enterprise
2023-03-27,CUST_0010,South,Product B,146453.36,303,0.1,Startup
2023-04-26,CUST_0010,South,Product C,174041.05,144,0.03,Startup
2023-05-26,CUST_0010,South,Product C,143904.47,176,0.05,Startup
2023-06-25,CUST_0010,South,Product B,127923.35,356,0.19,SMB
2023-07-25,CUST_0010,South,Product D,135984.44,342,0.18,SMB
2023-08-24,CUST_0010,South,Product B,145381.35,74,0.2,Startup
2023-09-23,CUST_0010,South,Product A,124401.48,16,0.0,Startup
2023-10-23,CUST_0010,South,Product A,142319.33,351,0.18,SMB
2023-11-22,CUST_0010,South,Product C,161751.68,393,0.21,Startup
2022-01-01,CUST_0011,Central,Product A,67459.35,31,0.04,Enterprise
2022-01-31,CUST_0011,Central,Product B,87084.66,28,0.14,Startup
2022-03-02,CUST_0011,Central,Product B,74812.17,277,0.09,Enterprise
2022-04-01,CUST_0011,Central,Product A,91168.19,148,0.15,Enterprise
2022-05-01,CUST_0011,Central,Product D,69665.37,345,0.1,Enterprise
2022-05-31,CUST_0011,Central,Product C,64515.7,472,0.17,SMB
2022-06-30,CUST_0011,Central,Product B,71935.93,87,0.2,SMB
2022-07-30,CUST_0011,Central,Product B,53425.59,277,0.04,Startup
2022-08-29,CUST_0011,Central,Product D,47801.37,243,0.2,Enterprise
2022-09-28,CUST_0011,Central,Product C,50661.51,206,0.13,Startup
2022-10-28,CUST_0011,Central,Product C,53299.45,145,0.11,Startup
2022-11-27,CUST_0011,Central,Product D,53596.79,66,0.18,SMB
2022-12-27,CUST_0011,Central,Product A,50139.05,152,0.02,Enterprise
2023-01-26,CUST_0011,Central,Product A,56624.01,99,0.07,Enterprise
2023-02-25,CUST_0011,Central,Product A,71757.64,361,0.22,Startup
2023-03-27,CUST_0011,Central,Product E,66136.51,240,0.05,Enterprise
2023-04-26,CUST_0011,Central,Product A,66510.64,306,0.06,SMB
2023-05-26,CUST_0011,Central,Product E,51886.16,123,0.17,Startup
2023-06-25,CUST_0011,Central,Product E,58470.67,293,0.16,SMB
2023-07-25,CUST_0011,Central,Product E,39566.19,392,0.03,SMB
2023-08-24,CUST_0011,Central,Product C,46479.86,120,0.22,SMB
2023-09-23,CUST_0011,Central,Product A,38594.54,332,0.17,Startup
2023-10-23,CUST_0011,Central,Product D,40977.3,484,0.25,Startup
2023-11-22,CUST_0011,Central,Product E,45431.35,153,0.21,Enterprise
2022-01-01,CUST_0012,North,Product C,60449.26,481,0.01,Startup
2022-01-31,CUST_0012,North,Product D,69925.97,61,0.16,SMB
2022-03-02,CUST_0012,North,Product E,74039.11,10,0.23,SMB
2022-04-01,CUST_0012,North,Product A,67532.47,226,0.05,Startup
2022-05-01,CUST_0012,North,Product D,79956.67,59,0.01,Enterprise
2022-05-31,CUST_0012,North,Product E,70883.66,216,0.07,Enterprise
2022-06-30,CUST_0012,North,Product D,58432.86,452,0.04,Enterprise
2022-07-30,CUST_0012,North,Product C,49956.47,71,0.06,Enterprise
2022-08-29,CUST_0012,North,Product D,47262.81,449,0.1,Enterprise
2022-09-28,CUST_0012,North,Product C,47965.4,293,0.05,SMB
2022-10-28,CUST_0012,North,Product C,44116.37,500,0.01,Enterprise
2022-11-27,CUST_0012,North,Product E,46504.4,87,0.21,SMB
2022-12-27,CUST_0012,North,Product A,60506.87,204,0.04,SMB
2023-01-26,CUST_0012,North,Product A,54367.45,77,0.05,SMB
2023-02-25,CUST_0012,North,Product E,60614.48,33,0.2,Enterprise
2023-03-27,CUST_0012,North,Product D,59306.19,212,0.24,SMB
2023-04-26,CUST_0012,North,Product C,59468.67,128,0.04,SMB
2023-05-26,CUST_0012,North,Product D,66150.5,101,0.16,SMB
2023-06-25,CUST_0012,North,Product A,53880.41,251,0.14,SMB
2023-07-25,CUST_0012,North,Product E,53616.71,400,0.19,Enterprise
2023-08-24,CUST_0012,North,Product C,40229.75,173,0.17,Startup
2023-09-23,CUST_0012,North,Product B,47255.89,164,0.14,Enterprise
2023-10-23,CUST_0012,North,Product B,42610.11,464,0.23,SMB
2023-11-22,CUST_0012,North,Product C,44602.38,296,0.07,Startup
2022-01-01,CUST_0013,East,Product E,62982.05,162,0.14,Startup
2022-01-31,CUST_0013,East,Product B,73807.99,235,0.06,Enterprise
2022-03-02,CUST_0013,East,Product B,70087.35,403,0.03,SMB
2022-04-01,CUST_0013,East,Product C,86475.12,338,0.21,SMB
2022-05-01,CUST_0013,East,Product C,72897.94,306,0.16,Enterprise
2022-05-31,CUST_0013,East,Product E,69073.2,66,0.18,Enterprise
2022-06-30,CUST_0013,East,Product E,78999.97,85,0.22,Startup
2022-07-30,CUST_0013,East,Product E,71227.4,339,0.0,Startup
2022-08-29,CUST_0013,East,Product D,68672.89,76,0.23,Enterprise
2022-09-28,CUST_0013,East,Product E,52376.53,100,0.16,Enterprise
2022-10-28,CUST_0013,East,Product E,72752.36,416,0.06,Enterprise
2022-11-27,CUST_0013,East,Product A,74410.36,260,0.08,Startup
2022-12-27,CUST_0013,East,Product B,85673.25,467,0.12,Startup
2023-01-26,CUST_0013,East,Product C,105631.78,498,0.25,Enterprise
2023-02-25,CUST_0013,East,Product E,105301.47,177,0.08,SMB
2023-03-27,CUST_0013,East,Product E,98800.03,73,0.03,Startup
2023-04-26,CUST_0013,East,Product C,113889.31,311,0.09,Startup
2023-05-26,CUST_0013,East,Product C,109457.01,17,0.04,Enterprise
2023-06-25,CUST_0013,East,Product D,102626.69,385,0.2,SMB
2023-07-25,CUST_0013,East,Product C,76547.49,290,0.21,SMB
2023-08-24,CUST_0013,East,Product C,92560.7,96,0.22,Enterprise
2023-09-23,CUST_0013,East,Product E,89158.11,352,0.07,SMB
2023-10-23,CUST_0013,East,Product D,94828.3,249,0.24,Enterprise
2023-11-22,CUST_0013,East,Product B,111669.89,343,0.16,SMB
2022-01-01,CUST_0014,Central,Product D,44420.24,281,0.08,SMB
2022-01-31,CUST_0014,Central,Product B,42112.96,497,0.18,Enterprise
2022-03-02,CUST_0014,Central,Product D,46100.79,242,0.13,Enterprise
2022-04-01,CUST_0014,Central,Product A,46816.78,260,0.07,Startup
2022-05-01,CUST_0014,Central,Product B,54723.76,75,0.16,Enterprise
2022-05-31,CUST_0014,Central,Product A,50796.11,232,0.18,Startup
2022-06-30,CUST_0014,Central,Product A,50658.62,75,0.02,SMB
2022-07-30,CUST_0014,Central,Product C,46754.76,492,0.19,SMB
2022-08-29,CUST_0014,Central,Product B,37129.28,343,0.18,Startup
2022-09-28,CUST_0014,Central,Product B,42373.55,224,0.13,SMB
2022-10-28,CUST_0014,Central,Product E,41663.72,124,0.09,Startup
2022-11-27,CUST_0014,Central,Product C,46240.85,148,0.0,Enterprise
2022-12-27,CUST_0014,Central,Product E,47291.92,370,0.14,Enterprise
2023-01-26,CUST_0014,Central,Product C,56364.72,36,0.17,Enterprise
2023-02-25,CUST_0014,Central,Product B,57938.48,244,0.19,Startup
2023-03-27,CUST_0014,Central,Product D,74643.65,362,0.25,Startup
2023-04-26,CUST_0014,Central,Product B,63946.09,187,0.18,Enterprise
2023-05-26,CUST_0014,Central,Product A,69434.94,423,0.1,Startup
2023-06-25,CUST_0014,Central,Product E,67684.41,491,0.23,Startup
2023-07-25,CUST_0014,Central,Product E,63170.08,411,0.1,SMB
2023-08-24,CUST_0014,Central,Product D,60079.05,330,0.13,Enterprise
2023-09-23,CUST_0014,Central,Product E,53855.63,414,0.0,Enterprise
2023-10-23,CUST_0014,Central,Product D,51756.99,223,0.06,SMB
2023-11-22,CUST_0014,Central,Product A,63155.37,180,0.2,Enterprise
2022-01-01,CUST_0015,West,Product E,88513.65,177,0.13,Startup
2022-01-31,CUST_0015,West,Product B,91437.24,402,0.11,Startup
2022-03-02,CUST_0015,West,Product D,116135.16,395,0.21,SMB
2022-04-01,CUST_0015,West,Product D,107321.48,193,0.11,Enterprise
2022-05-01,CUST_0015,West,Product C,99939.99,499,0.21,SMB
2022-05-31,CUST_0015,West,Product D,101522.9,260,0.12,Startup
2022-06-30,CUST_0015,West,Product E,110373.05,134,0.07,Enterprise
2022-07-30,CUST_0015,West,Product C,79134.91,56,0.22,Enterprise
2022-08-29,CUST_0015,West,Product B,89556.14,449,0.23,Enterprise
2022-09-28,CUST_0015,West,Product D,76096.22,269,0.16,SMB
2022-10-28,CUST_0015,West,Product A,99719.89,203,0.17,Enterprise
2022-11-27,CUST_0015,West,Product C,103086.73,299,0.07,Startup
2022-12-27,CUST_0015,West,Product E,111506.52,270,0.05,Startup
2023-01-26,CUST_0015,West,Product E,147934.22,12,0.03,Enterprise
2023-02-25,CUST_0015,West,Product E,156589.89,355,0.09,Startup
2023-03-27,CUST_0015,West,Product D,166682.75,64,0.18,SMB
2023-04-26,CUST_0015,West,Product E,132426.53,255,0.06,Startup
2023-05-26,CUST_0015,West,Product D,133129.52,80,0.16,SMB
2023-06-25,CUST_0015,West,Product E,139616.98,418,0.24,SMB
2023-07-25,CUST_0015,West,Product A,125943.22,293,0.17,Startup
2023-08-24,CUST_0015,West,Product C,99282.3,51,0.06,Enterprise
2023-09-23,CUST_0015,West,Product E,129957.51,197,0.1,Startup
2023-10-23,CUST_0015,West,Product D,124862.39,234,0.22,Startup
2023-11-22,CUST_0015,West,Product E,149241.81,260,0.17,SMB
2022-01-01,CUST_0016,North,Product A,21821.5,63,0.08,Enterprise
2022-01-31,CUST_0016,North,Product D,27235.82,274,0.25,SMB
2022-03-02,CUST_0016,North,Product B,28406.76,72,0.01,SMB
2022-04-01,CUST_0016,North,Product B,28465.6,174,0.16,Startup
2022-05-01,CUST_0016,North,Product B,25298.41,420,0.24,Enterprise
2022-05-31,CUST_0016,North,Product E,21084.16,72,0.21,SMB
2022-06-30,CUST_0016,North,Product B,24605.77,111,0.2,Startup
2022-07-30,CUST_0016,North,Product E,21632.14,90,0.2,SMB
2022-08-29,CUST_0016,North,Product B,20452.24,213,0.07,Startup
2022-09-28,CUST_0016,North,Product D,16940.12,132,0.1,Startup
2022-10-28,CUST_0016,North,Product A,21783.53,399,0.19,Startup
2022-11-27,CUST_0016,North,Product B,17998.72,204,0.03,Startup
2022-12-27,CUST_0016,North,Product D,22898.29,489,0.13,Startup
2023-01-26,CUST_0016,North,Product C,22152.01,115,0.02,SMB
2023-02-25,CUST_0016,North,Product E,24615.87,365,0.12,Enterprise
2023-03-27,CUST_0016,North,Product B,30149.41,85,0.04,Enterprise
2023-04-26,CUST_0016,North,Product E,26100.89,29,0.05,Enterprise
2023-05-26,CUST_0016,North,Product A,23290.14,143,0.17,SMB
2023-06-25,CUST_0016,North,Product B,20630.85,32,0.24,SMB
2023-07-25,CUST_0016,North,Product E,19928.12,490,0.1,Startup
2023-08-24,CUST_0016,North,Product E,20543.78,286,0.16,Startup
2023-09-23,CUST_0016,North,Product E,20670.37,424,0.05,SMB
2023-10-23,CUST_0016,North,Product D,18426.94,43,0.22,SMB
2023-11-22,CUST_0016,North,Product B,21881.98,440,0.15,SMB
2022-01-01,CUST_0017,Central,Product C,71508.23,257,0.08,Startup
2022-01-31,CUST_0017,Central,Product C,88563.33,434,0.1,Enterprise
2022-03-02,CUST_0017,Central,Product A,79748.25,338,0.1,SMB
2022-04-01,CUST_0017,Central,Product E,95246.41,325,0.16,SMB
2022-05-01,CUST_0017,Central,Product E,95638.69,221,0.15,Enterprise
2022-05-31,CUST_0017,Central,Product E,87217.2,187,0.19,Enterprise
2022-06-30,CUST_0017,Central,Product C,84425.5,200,0.07,SMB
2022-07-30,CUST_0017,Central,Product C,59436.8,209,0.04,Enterprise
2022-08-29,CUST_0017,Central,Product A,69515.02,314,0.08,SMB
2022-09-28,CUST_0017,Central,Product C,50223.92,198,0.24,Enterprise
2022-10-28,CUST_0017,Central,Product B,57128.7,143,0.13,Startup
2022-11-27,CUST_0017,Central,Product B,70925.6,164,0.11,SMB
2022-12-27,CUST_0017,Central,Product E,77887.24,231,0.05,Startup
2023-01-26,CUST_0017,Central,Product A,86337.22,158,0.06,Startup
2023-02-25,CUST_0017,Central,Product B,72571.75,288,0.02,SMB
2023-03-27,CUST_0017,Central,Product D,72909.97,40,0.08,Startup
2023-04-26,CUST_0017,Central,Product D,71851.45,77,0.02,Startup
2023-05-26,CUST_0017,Central,Product B,74231.49,419,0.03,Startup
2023-06-25,CUST_0017,Central,Product E,57473.76,221,0.22,Startup
2023-07-25,CUST_0017,Central,Product E,61020.89,468,0.12,SMB
2023-08-24,CUST_0017,Central,Product B,58143.63,140,0.03,SMB
2023-09-23,CUST_0017,Central,Product E,53094.41,151,0.12,SMB
2023-10-23,CUST_0017,Central,Product B,45840.73,305,0.03,Enterprise
2023-11-22,CUST_0017,Central,Product D,56438.5,331,0.12,SMB
2022-01-01,CUST_0018,East,Product A,68338.36,69,0.18,SMB
2022-01-31,CUST_0018,East,Product C,60760.07,199,0.2,SMB
2022-03-02,CUST_0018,East,Product D,74098.08,66,0.15,Startup
2022-04-01,CUST_0018,East,Product B,78683.88,107,0.08,Startup
2022-05-01,CUST_0018,East,Product A,72151.65,339,0.05,Startup
2022-05-31,CUST_0018,East,Product A,66625.75,468,0.09,SMB
2022-06-30,CUST_0018,East,Product A,74392.75,479,0.04,Startup
2022-07-30,CUST_0018,East,Product A,53311.66,215,0.17,Startup
2022-08-29,CUST_0018,East,Product A,47692.45,209,0.23,SMB
2022-09-28,CUST_0018,East,Product E,54205.89,299,0.03,Enterprise
2022-10-28,CUST_0018,East,Product D,54611.07,179,0.01,Startup
2022-11-27,CUST_0018,East,Product C,62173.14,277,0.05,Startup
2022-12-27,CUST_0018,East,Product D,73624.3,427,0.12,Enterprise
2023-01-26,CUST_0018,East,Product D,66182.61,452,0.09,Enterprise
2023-02-25,CUST_0018,East,Product D,78194.39,56,0.16,Enterprise
2023-03-27,CUST_0018,East,Product A,84437.09,231,0.03,Startup
2023-04-26,CUST_0018,East,Product B,78831.32,226,0.1,Startup
2023-05-26,CUST_0018,East,Product E,63415.37,194,0.04,Enterprise
2023-06-25,CUST_0018,East,Product A,60933.71,109,0.11,Startup
2023-07-25,CUST_0018,East,Product B,60455.85,209,0.15,SMB
2023-08-24,CUST_0018,East,Product B,47118.1,279,0.11,SMB
2023-09-23,CUST_0018,East,Product D,57097.24,52,0.09,Startup
2023-10-23,CUST_0018,East,Product E,62221.35,497,0.15,SMB
2023-11-22,CUST_0018,East,Product E,62311.72,236,0.09,Enterprise
2022-01-01,CUST_0019,South,Product E,90843.19,286,0.08,Enterprise
2022-01-31,CUST_0019,South,Product D,111372.37,207,0.01,Startup
2022-03-02,CUST_0019,South,Product E,115169.16,234,0.09,Enterprise
2022-04-01,CUST_0019,South,Product D,140363.5,384,0.07,SMB
2022-05-01,CUST_0019,South,Product E,125775.83,133,0.16,Startup
2022-05-31,CUST_0019,South,Product E,117297.86,132,0.14,Startup
2022-06-30,CUST_0019,South,Product D,115313.67,419,0.18,Startup
2022-07-30,CUST_0019,South,Product A,92135.41,471,0.06,Startup
2022-08-29,CUST_0019,South,Product E,108378.07,154,0.19,Enterprise
2022-09-28,CUST_0019,South,Product E,94013.45,238,0.23,Enterprise
2022-10-28,CUST_0019,South,Product B,113226.23,332,0.2,Startup
2022-11-27,CUST_0019,South,Product D,105200.96,21,0.1,SMB
2022-12-27,CUST_0019,South,Product B,136250.0,34,0.21,Enterprise
2023-01-26,CUST_0019,South,Product B,146100.53,161,0.24,Startup
2023-02-25,CUST_0019,South,Product C,169187.04,414,0.05,SMB
2023-03-27,CUST_0019,South,Product E,165606.04,351,0.12,Startup
2023-04-26,CUST_0019,South,Product C,151851.08,81,0.16,Enterprise
2023-05-26,CUST_0019,South,Product D,172849.69,33,0.15,Enterprise
2023-06-25,CUST_0019,South,Product A,147577.78,285,0.19,SMB
2023-07-25,CUST_0019,South,Product D,126367.43,248,0.13,SMB
2023-08-24,CUST_0019,South,Product A,111294.64,147,0.03,Enterprise
2023-09-23,CUST_0019,South,Product A,141953.34,26,0.1,SMB
2023-10-23,CUST_0019,South,Product D,125436.46,205,0.16,SMB
2023-11-22,CUST_0019,South,Product A,144559.93,212,0.04,Enterprise
2022-01-01,CUST_0020,West,Product A,73954.09,62,0.18,SMB
2022-01-31,CUST_0020,West,Product D,85172.48,220,0.11,SMB
2022-03-02,CUST_0020,West,Product C,75597.91,370,0.15,Enterprise
2022-04-01,CUST_0020,West,Product A,89309.85,245,0.1,SMB
2022-05-01,CUST_0020,West,Product A,77259.33,298,0.04,Enterprise
2022-05-31,CUST_0020,West,Product B,75572.98,138,0.15,Enterprise
2022-06-30,CUST_0020,West,Product E,54582.14,276,0.05,Enterprise
2022-07-30,CUST_0020,West,Product C,58013.86,267,0.03,Startup
2022-08-29,CUST_0020,West,Product D,47436.99,70,0.05,SMB
2022-09-28,CUST_0020,West,Product D,46452.01,359,0.02,Enterprise
2022-10-28,CUST_0020,West,Product C,42183.63,389,0.23,Enterprise
2022-11-27,CUST_0020,West,Product D,45976.73,163,0.18,SMB
2022-12-27,CUST_0020,West,Product B,63309.86,167,0.2,Enterprise
2023-01-26,CUST_0020,West,Product A,55316.07,94,0.02,SMB
2023-02-25,CUST_0020,West,Product A,58344.44,169,0.2,Startup
2023-03-27,CUST_0020,West,Product D,67294.57,101,0.1,Enterprise
2023-04-26,CUST_0020,West,Product C,69559.48,346,0.18,Startup
2023-05-26,CUST_0020,West,Product C,50542.22,181,0.18,SMB
2023-06-25,CUST_0020,West,Product C,57078.25,310,0.11,SMB
2023-07-25,CUST_0020,West,Product D,44285.41,460,0.16,SMB
2023-08-24,CUST_0020,West,Product E,37644.97,113,0.1,Startup
2023-09-23,CUST_0020,West,Product E,35853.04,124,0.13,SMB
2023-10-23,CUST_0020,West,Product A,38873.13,478,0.22,Startup
2023-11-22,CUST_0020,West,Product E,39904.48,132,0.03,SMB
2022-01-01,CUST_0021,East,Product D,44177.49,470,0.22,Enterprise
2022-01-31,CUST_0021,East,Product A,45103.93,399,0.12,Startup
2022-03-02,CUST_0021,East,Product D,46188.94,88,0.05,SMB
2022-04-01,CUST_0021,East,Product E,53357.35,74,0.23,Startup
2022-05-01,CUST_0021,East,Product C,44074.64,260,0.1,Startup
2022-05-31,CUST_0021,East,Product D,54055.95,16,0.21,SMB
2022-06-30,CUST_0021,East,Product B,48072.24,142,0.19,Startup
2022-07-30,CUST_0021,East,Product C,38181.64,172,0.01,Enterprise
2022-08-29,CUST_0021,East,Product A,29315.68,114,0.09,Enterprise
2022-09-28,CUST_0021,East,Product A,36129.3,44,0.07,SMB
2022-10-28,CUST_0021,East,Product A,35067.77,46,0.21,Enterprise
2022-11-27,CUST_0021,East,Product C,30892.8,149,0.19,Startup
2022-12-27,CUST_0021,East,Product A,41523.68,51,0.08,Enterprise
2023-01-26,CUST_0021,East,Product D,40019.94,140,0.19,Startup
2023-02-25,CUST_0021,East,Product C,49322.01,98,0.1,SMB
2023-03-27,CUST_0021,East,Product B,49052.98,64,0.03,Startup
2023-04-26,CUST_0021,East,Product B,41788.85,167,0.15,Enterprise
2023-05-26,CUST_0021,East,Product C,44920.22,315,0.14,SMB
2023-06-25,CUST_0021,East,Product C,34295.15,393,0.01,SMB
2023-07-25,CUST_0021,East,Product A,31458.17,62,0.19,SMB
2023-08-24,CUST_0021,East,Product D,29299.98,85,0.23,SMB
2023-09-23,CUST_0021,East,Product C,25780.08,350,0.11,SMB
2023-10-23,CUST_0021,East,Product B,32114.21,214,0.01,SMB
2023-11-22,CUST_0021,East,Product B,33906.97,255,0.04,Enterprise
2022-01-01,CUST_0022,West,Product B,52944.54,413,0.06,Enterprise
2022-01-31,CUST_0022,West,Product D,73308.88,336,0.03,Startup
2022-03-02,CUST_0022,West,Product D,70425.74,439,0.08,SMB
2022-04-01,CUST_0022,West,Product B,68148.02,78,0.08,Enterprise
2022-05-01,CUST_0022,West,Product E,73478.68,496,0.03,Enterprise
2022-05-31,CUST_0022,West,Product C,80202.68,343,0.17,Enterprise
2022-06-30,CUST_0022,West,Product C,65606.26,342,0.11,SMB
2022-07-30,CUST_0022,West,Product D,63286.34,52,0.25,Enterprise
2022-08-29,CUST_0022,West,Product D,58411.48,64,0.23,SMB
2022-09-28,CUST_0022,West,Product A,48970.68,375,0.05,SMB
2022-10-28,CUST_0022,West,Product C,59946.97,112,0.21,SMB
2022-11-27,CUST_0022,West,Product E,56726.14,121,0.19,Startup
2022-12-27,CUST_0022,West,Product C,84410.26,482,0.13,Enterprise
2023-01-26,CUST_0022,West,Product E,83512.0,294,0.02,Startup
2023-02-25,CUST_0022,West,Product E,103675.98,477,0.15,Enterprise
2023-03-27,CUST_0022,West,Product D,109221.04,126,0.18,Startup
2023-04-26,CUST_0022,West,Product E,83599.93,52,0.15,Startup
2023-05-26,CUST_0022,West,Product E,101775.76,160,0.04,Enterprise
2023-06-25,CUST_0022,West,Product D,75838.75,187,0.24,Startup
2023-07-25,CUST_0022,West,Product B,83182.18,38,0.11,SMB
2023-08-24,CUST_0022,West,Product B,65895.73,32,0.07,Startup
2023-09-23,CUST_0022,West,Product D,82640.24,334,0.18,SMB
2023-10-23,CUST_0022,West,Product C,73871.79,319,0.07,Enterprise
2023-11-22,CUST_0022,West,Product E,84239.99,279,0.24,Startup
2022-01-01,CUST_0023,East,Product A,24519.58,310,0.07,Enterprise
2022-01-31,CUST_0023,East,Product B,35598.76,103,0.24,Enterprise
2022-03-02,CUST_0023,East,Product D,38915.33,360,0.06,Startup
2022-04-01,CUST_0023,East,Product A,40706.01,131,0.25,Enterprise
2022-05-01,CUST_0023,East,Product C,40211.98,443,0.1,SMB
2022-05-31,CUST_0023,East,Product A,33562.95,235,0.08,SMB
2022-06-30,CUST_0023,East,Product E,29849.56,391,0.12,Enterprise
2022-07-30,CUST_0023,East,Product C,29596.82,169,0.16,SMB
2022-08-29,CUST_0023,East,Product D,28906.42,269,0.25,Startup
2022-09-28,CUST_0023,East,Product E,24239.86,229,0.07,Enterprise
2022-10-28,CUST_0023,East,Product D,24158.89,308,0.1,SMB
2022-11-27,CUST_0023,East,Product D,27020.82,187,0.08,Startup
2022-12-27,CUST_0023,East,Product C,30321.62,463,0.02,Startup
2023-01-26,CUST_0023,East,Product E,33039.7,81,0.17,Startup
2023-02-25,CUST_0023,East,Product E,46000.33,23,0.07,Startup
2023-03-27,CUST_0023,East,Product B,36430.92,382,0.21,Startup
2023-04-26,CUST_0023,East,Product B,46959.8,360,0.0,Startup
2023-05-26,CUST_0023,East,Product C,43517.58,56,0.03,SMB
2023-06-25,CUST_0023,East,Product A,36716.34,318,0.14,SMB
2023-07-25,CUST_0023,East,Product A,30381.59,282,0.04,Enterprise
2023-08-24,CUST_0023,East,Product A,28304.1,451,0.06,SMB
2023-09-23,CUST_0023,East,Product A,31591.57,456,0.09,Startup
2023-10-23,CUST_0023,East,Product C,36315.02,199,0.22,SMB
2023-11-22,CUST_0023,East,Product B,40186.74,321,0.09,Startup
2022-01-01,CUST_0024,Central,Product D,59627.13,52,0.0,Enterprise
2022-01-31,CUST_0024,Central,Product C,80229.66,257,0.17,Enterprise
2022-03-02,CUST_0024,Central,Product C,77418.42,431,0.09,SMB
2022-04-01,CUST_0024,Central,Product A,79151.18,471,0.22,Startup
2022-05-01,CUST_0024,Central,Product A,76946.93,185,0.08,Enterprise
2022-05-31,CUST_0024,Central,Product C,83996.57,279,0.08,Startup
2022-06-30,CUST_0024,Central,Product D,64096.53,11,0.23,SMB
2022-07-30,CUST_0024,Central,Product D,74189.48,271,0.05,SMB
2022-08-29,CUST_0024,Central,Product A,68351.35,461,0.23,Startup
2022-09-28,CUST_0024,Central,Product A,57484.65,247,0.09,Startup
2022-10-28,CUST_0024,Central,Product D,65921.0,223,0.05,SMB
2022-11-27,CUST_0024,Central,Product A,76198.91,216,0.14,Startup
2022-12-27,CUST_0024,Central,Product B,90437.37,377,0.06,Startup
2023-01-26,CUST_0024,Central,Product B,108796.69,211,0.24,Startup
2023-02-25,CUST_0024,Central,Product E,109281.41,376,0.02,Enterprise
2023-03-27,CUST_0024,Central,Product A,113916.98,162,0.14,Startup
2023-04-26,CUST_0024,Central,Product C,98615.05,205,0.09,Startup
2023-05-26,CUST_0024,Central,Product B,98575.94,89,0.03,SMB
2023-06-25,CUST_0024,Central,Product B,105377.53,155,0.05,Startup
2023-07-25,CUST_0024,Central,Product D,87938.5,281,0.1,Enterprise
2023-08-24,CUST_0024,Central,Product C,93012.35,316,0.04,Enterprise
2023-09-23,CUST_0024,Central,Product E,85100.98,94,0.08,Startup
2023-10-23,CUST_0024,Central,Product E,88133.62,220,0.08,Enterprise
2023-11-22,CUST_0024,Central,Product D,110232.9,250,0.13,Startup
2022-01-01,CUST_0025,East,Product A,72186.02,265,0.2,SMB
2022-01-31,CUST_0025,East,Product E,73027.18,214,0.14,SMB
2022-03-02,CUST_0025,East,Product A,102830.92,10,0.01,Enterprise
2022-04-01,CUST_0025,East,Product A,91872.72,448,0.14,Enterprise
2022-05-01,CUST_0025,East,Product D,104432.25,406,0.24,Startup
2022-05-31,CUST_0025,East,Product A,97427.72,265,0.09,SMB
2022-06-30,CUST_0025,East,Product A,91194.51,444,0.06,Enterprise
2022-07-30,CUST_0025,East,Product C,82976.26,245,0.13,Enterprise
2022-08-29,CUST_0025,East,Product D,77825.33,396,0.18,SMB
2022-09-28,CUST_0025,East,Product E,65985.56,73,0.14,Enterprise
2022-10-28,CUST_0025,East,Product D,81940.34,176,0.2,Enterprise
2022-11-27,CUST_0025,East,Product B,76949.63,275,0.05,Enterprise
2022-12-27,CUST_0025,East,Product C,104212.03,334,0.07,SMB
2023-01-26,CUST_0025,East,Product D,94397.95,132,0.22,Enterprise
2023-02-25,CUST_0025,East,Product C,117248.12,449,0.19,SMB
2023-03-27,CUST_0025,East,Product C,134999.89,140,0.21,Startup
2023-04-26,CUST_0025,East,Product D,116437.74,386,0.2,SMB
2023-05-26,CUST_0025,East,Product C,117366.91,446,0.21,Startup
2023-06-25,CUST_0025,East,Product E,123261.68,367,0.17,SMB
2023-07-25,CUST_0025,East,Product E,93523.72,309,0.13,Enterprise
2023-08-24,CUST_0025,East,Product D,98585.91,382,0.05,Startup
2023-09-23,CUST_0025,East,Product C,95119.15,382,0.21,Startup
2023-10-23,CUST_0025,East,Product A,104831.06,184,0.09,Enterprise
2023-11-22,CUST_0025,East,Product D,127549.24,284,0.01,SMB
2022-01-01,CUST_0026,North,Product A,10709.89,349,0.1,Enterprise
2022-01-31,CUST_0026,North,Product B,10691.36,444,0.17,Startup
2022-03-02,CUST_0026,North,Product E,13224.6,71,0.05,SMB
2022-04-01,CUST_0026,North,Product D,11063.54,325,0.1,Enterprise
2022-05-01,CUST_0026,North,Product C,12421.64,362,0.03,Enterprise
2022-05-31,CUST_0026,North,Product E,9487.96,319,0.06,Startup
2022-06-30,CUST_0026,North,Product C,9711.1,111,0.03,Startup
2022-07-30,CUST_0026,North,Product A,8832.75,28,0.21,Enterprise
2022-08-29,CUST_0026,North,Product A,8472.97,143,0.19,Enterprise
2022-09-28,CUST_0026,North,Product A,6798.38,400,0.01,SMB
2022-10-28,CUST_0026,North,Product B,8018.78,361,0.12,Enterprise
2022-11-27,CUST_0026,North,Product A,6956.64,254,0.06,SMB
2022-12-27,CUST_0026,North,Product B,7322.52,455,0.14,Enterprise
2023-01-26,CUST_0026,North,Product E,8100.13,100,0.03,Enterprise
2023-02-25,CUST_0026,North,Product E,10641.16,196,0.04,Enterprise
2023-03-27,CUST_0026,North,Product B,9893.86,330,0.06,SMB
2023-04-26,CUST_0026,North,Product D,10461.31,24,0.15,Startup
2023-05-26,CUST_0026,North,Product A,8125.69,23,0.06,SMB
2023-06-25,CUST_0026,North,Product C,8910.08,400,0.11,Enterprise
2023-07-25,CUST_0026,North,Product E,7623.73,343,0.08,Startup
2023-08-24,CUST_0026,North,Product B,6669.76,182,0.24,Enterprise
2023-09-23,CUST_0026,North,Product E,5137.53,428,0.21,Startup
2023-10-23,CUST_0026,North,Product A,6825.71,168,0.06,Startup
2023-11-22,CUST_0026,North,Product C,6072.09,257,0.17,Enterprise
2022-01-01,CUST_0027,South,Product A,50579.67,284,0.22,SMB
2022-01-31,CUST_0027,South,Product C,73817.47,350,0.14,Enterprise
2022-03-02,CUST_0027,South,Product A,61531.25,389,0.22,Enterprise
2022-04-01,CUST_0027,South,Product B,69119.82,433,0.15,Startup
2022-05-01,CUST_0027,South,Product A,81551.04,225,0.17,Enterprise
2022-05-31,CUST_0027,South,Product A,72907.82,217,0.02,Enterprise
2022-06-30,CUST_0027,South,Product B,63770.24,317,0.16,SMB
2022-07-30,CUST_0027,South,Product D,67876.15,376,0.06,Startup
2022-08-29,CUST_0027,South,Product B,59888.75,306,0.05,SMB
2022-09-28,CUST_0027,South,Product B,48096.06,463,0.22,SMB
2022-10-28,CUST_0027,South,Product C,58275.35,130,0.1,SMB
2022-11-27,CUST_0027,South,Product C,66500.89,379,0.12,SMB
2022-12-27,CUST_0027,South,Product D,73757.29,111,0.1,SMB
2023-01-26,CUST_0027,South,Product C,88271.22,318,0.07,Enterprise
2023-02-25,CUST_0027,South,Product A,84675.03,151,0.16,Startup
2023-03-27,CUST_0027,South,Product D,96233.65,372,0.22,Startup
2023-04-26,CUST_0027,South,Product B,99796.21,136,0.16,Startup
2023-05-26,CUST_0027,South,Product E,102919.19,487,0.22,Enterprise
2023-06-25,CUST_0027,South,Product D,77090.29,209,0.08,Enterprise
2023-07-25,CUST_0027,South,Product A,73805.73,184,0.24,Startup
2023-08-24,CUST_0027,South,Product D,65696.24,259,0.04,Startup
2023-09-23,CUST_0027,South,Product D,73484.43,474,0.21,Enterprise
2023-10-23,CUST_0027,South,Product C,72297.22,60,0.13,SMB
2023-11-22,CUST_0027,South,Product B,76106.35,38,0.22,Enterprise
2022-01-01,CUST_0028,East,Product A,60520.01,214,0.11,SMB
2022-01-31,CUST_0028,East,Product B,63946.21,296,0.07,Enterprise
2022-03-02,CUST_0028,East,Product C,68166.39,145,0.13,Startup
2022-04-01,CUST_0028,East,Product E,80351.61,209,0.15,SMB
2022-05-01,CUST_0028,East,Product A,82655.29,246,0.15,Enterprise
2022-05-31,CUST_0028,East,Product B,69252.89,410,0.13,Startup
2022-06-30,CUST_0028,East,Product A,65394.32,77,0.02,Startup
2022-07-30,CUST_0028,East,Product E,70561.58,94,0.22,SMB
2022-08-29,CUST_0028,East,Product B,57453.69,288,0.05,Enterprise
2022-09-28,CUST_0028,East,Product C,58477.8,340,0.02,Startup
2022-10-28,CUST_0028,East,Product C,58067.85,152,0.19,Enterprise
2022-11-27,CUST_0028,East,Product D,68414.8,466,0.18,Startup
2022-12-27,CUST_0028,East,Product E,86919.61,154,0.11,SMB
2023-01-26,CUST_0028,East,Product E,92378.54,82,0.15,SMB
2023-02-25,CUST_0028,East,Product E,101145.71,330,0.13,Enterprise
2023-03-27,CUST_0028,East,Product C,99453.28,26,0.16,Startup
2023-04-26,CUST_0028,East,Product B,104674.63,324,0.06,SMB
2023-05-26,CUST_0028,East,Product E,93577.78,474,0.04,Startup
2023-06-25,CUST_0028,East,Product E,89075.42,95,0.12,SMB
2023-07-25,CUST_0028,East,Product A,91139.89,149,0.05,Enterprise
2023-08-24,CUST_0028,East,Product E,73236.65,86,0.02,Startup
2023-09-23,CUST_0028,East,Product C,78950.76,399,0.22,SMB
2023-10-23,CUST_0028,East,Product C,93731.84,228,0.16,Startup
2023-11-22,CUST_0028,East,Product C,115377.42,230,0.08,SMB
2022-01-01,CUST_0029,South,Product E,91271.18,242,0.23,SMB
2022-01-31,CUST_0029,South,Product E,92345.98,49,0.23,SMB
2022-03-02,CUST_0029,South,Product C,103139.53,111,0.18,SMB
2022-04-01,CUST_0029,South,Product A,113024.23,287,0.05,SMB
2022-05-01,CUST_0029,South,Product C,104588.07,388,0.01,Enterprise
2022-05-31,CUST_0029,South,Product D,112764.84,21,0.17,SMB
2022-06-30,CUST_0029,South,Product E,111397.94,440,0.22,SMB
2022-07-30,CUST_0029,South,Product B,98200.44,233,0.08,Startup
2022-08-29,CUST_0029,South,Product D,102813.46,34,0.13,SMB
2022-09-28,CUST_0029,South,Product C,86320.09,370,0.19,SMB
2022-10-28,CUST_0029,South,Product B,104463.38,257,0.04,Enterprise
2022-11-27,CUST_0029,South,Product D,107411.63,63,0.13,Enterprise
2022-12-27,CUST_0029,South,Product A,147218.02,197,0.02,Startup
2023-01-26,CUST_0029,South,Product E,145283.88,168,0.13,Startup
2023-02-25,CUST_0029,South,Product C,175292.87,16,0.24,Enterprise
2023-03-27,CUST_0029,South,Product D,194107.31,486,0.24,SMB
2023-04-26,CUST_0029,South,Product D,208008.7,151,0.19,Startup
2023-05-26,CUST_0029,South,Product C,220764.97,117,0.25,SMB
2023-06-25,CUST_0029,South,Product A,214192.33,325,0.0,Startup
2023-07-25,CUST_0029,South,Product D,198488.52,406,0.16,Startup
2023-08-24,CUST_0029,South,Product C,184758.79,266,0.05,SMB
2023-09-23,CUST_0029,South,Product B,175758.2,147,0.04,Startup
2023-10-23,CUST_0029,South,Product E,160616.58,47,0.24,Enterprise
2023-11-22,CUST_0029,South,Product C,222964.04,165,0.1,SMB
2022-01-01,CUST_0030,South,Product E,75447.6,400,0.2,Enterprise
2022-01-31,CUST_0030,South,Product E,90307.27,456,0.22,SMB
2022-03-02,CUST_0030,South,Product D,86710.54,27,0.04,Startup
2022-04-01,CUST_0030,South,Product B,97578.17,39,0.07,SMB
2022-05-01,CUST_0030,South,Product C,88096.96,107,0.23,Enterprise
2022-05-31,CUST_0030,South,Product D,83251.71,362,0.03,SMB
2022-06-30,CUST_0030,South,Product B,88011.3,166,0.21,Startup
2022-07-30,CUST_0030,South,Product B,74368.34,489,0.21,Enterprise
2022-08-29,CUST_0030,South,Product A,76951.07,217,0.05,Startup
2022-09-28,CUST_0030,South,Product B,66045.01,352,0.1,Startup
2022-10-28,CUST_0030,South,Product B,59272.81,70,0.12,SMB
2022-11-27,CUST_0030,South,Product B,70835.18,222,0.2,SMB
2022-12-27,CUST_0030,South,Product D,86178.84,128,0.06,SMB
2023-01-26,CUST_0030,South,Product B,95290.6,221,0.18,Enterprise
2023-02-25,CUST_0030,South,Product A,106259.56,214,0.01,SMB
2023-03-27,CUST_0030,South,Product C,95748.66,176,0.22,Startup
2023-04-26,CUST_0030,South,Product A,102495.63,36,0.19,Enterprise
2023-05-26,CUST_0030,South,Product B,84581.29,257,0.16,SMB
2023-06-25,CUST_0030,South,Product A,87514.21,336,0.16,Enterprise
2023-07-25,CUST_0030,South,Product E,70769.47,431,0.16,Startup
2023-08-24,CUST_0030,South,Product A,63011.87,415,0.16,SMB
2023-09-23,CUST_0030,South,Product A,56906.82,42,0.07,Enterprise
2023-10-23,CUST_0030,South,Product E,62349.32,69,0.25,SMB
2023-11-22,CUST_0030,South,Product C,63842.68,302,0.03,SMB
2022-01-01,CUST_0031,North,Product A,63097.91,89,0.04,Enterprise
2022-01-31,CUST_0031,North,Product E,78729.01,176,0.16,Enterprise
2022-03-02,CUST_0031,North,Product E,90958.77,35,0.22,Startup
2022-04-01,CUST_0031,North,Product C,94397.91,100,0.01,Startup
2022-05-01,CUST_0031,North,Product B,80404.72,281,0.09,Enterprise
2022-05-31,CUST_0031,North,Product A,84845.95,37,0.03,SMB
2022-06-30,CUST_0031,North,Product A,64948.21,301,0.07,Enterprise
2022-07-30,CUST_0031,North,Product A,58518.96,395,0.06,Enterprise
2022-08-29,CUST_0031,North,Product B,53028.64,266,0.16,Startup
2022-09-28,CUST_0031,North,Product C,63689.49,78,0.12,SMB
2022-10-28,CUST_0031,North,Product A,52552.93,71,0.19,SMB
2022-11-27,CUST_0031,North,Product B,64264.84,475,0.21,SMB
2022-12-27,CUST_0031,North,Product D,61191.62,276,0.1,Startup
2023-01-26,CUST_0031,North,Product B,74086.79,290,0.02,Enterprise
2023-02-25,CUST_0031,North,Product B,77745.77,146,0.06,SMB
2023-03-27,CUST_0031,North,Product E,78564.85,473,0.05,SMB
2023-04-26,CUST_0031,North,Product E,72178.87,323,0.12,SMB
2023-05-26,CUST_0031,North,Product D,81149.84,368,0.07,Startup
2023-06-25,CUST_0031,North,Product E,79428.61,183,0.03,SMB
2023-07-25,CUST_0031,North,Product A,67578.14,12,0.11,SMB
2023-08-24,CUST_0031,North,Product A,59215.0,316,0.17,Enterprise
2023-09-23,CUST_0031,North,Product A,59723.99,329,0.2,Startup
2023-10-23,CUST_0031,North,Product C,66970.3,411,0.08,SMB
2023-11-22,CUST_0031,North,Product C,65079.79,463,0.19,Enterprise
2022-01-01,CUST_0032,South,Product C,60166.0,255,0.17,Startup
2022-01-31,CUST_0032,South,Product C,65612.82,103,0.05,Enterprise
2022-03-02,CUST_0032,South,Product D,97666.64,243,0.01,Enterprise
2022-04-01,CUST_0032,South,Product A,83731.71,353,0.13,Enterprise
2022-05-01,CUST_0032,South,Product C,90900.73,137,0.24,SMB
2022-05-31,CUST_0032,South,Product C,85198.03,371,0.04,Startup
2022-06-30,CUST_0032,South,Product D,93861.75,187,0.09,Enterprise
2022-07-30,CUST_0032,South,Product B,78724.83,396,0.25,SMB
2022-08-29,CUST_0032,South,Product A,84692.52,485,0.22,Enterprise
2022-09-28,CUST_0032,South,Product D,81849.74,256,0.12,Startup
2022-10-28,CUST_0032,South,Product B,85928.97,293,0.02,Enterprise
2022-11-27,CUST_0032,South,Product E,92756.37,487,0.09,Startup
2022-12-27,CUST_0032,South,Product B,128606.25,165,0.13,Startup
2023-01-26,CUST_0032,South,Product C,138840.41,195,0.08,Enterprise
2023-02-25,CUST_0032,South,Product C,159718.71,163,0.06,Startup
2023-03-27,CUST_0032,South,Product E,165480.35,366,0.09,Enterprise
2023-04-26,CUST_0032,South,Product B,179466.69,317,0.1,SMB
2023-05-26,CUST_0032,South,Product A,149007.25,74,0.04,Enterprise
2023-06-25,CUST_0032,South,Product B,136897.82,278,0.04,SMB
2023-07-25,CUST_0032,South,Product E,129174.38,159,0.05,Enterprise
2023-08-24,CUST_0032,South,Product E,122780.02,201,0.25,Startup
2023-09-23,CUST_0032,South,Product D,154968.88,476,0.04,Startup
2023-10-23,CUST_0032,South,Product D,132022.02,428,0.24,Enterprise
2023-11-22,CUST_0032,South,Product E,190591.84,471,0.02,Enterprise
2022-01-01,CUST_0033,North,Product A,15874.34,427,0.01,Startup
2022-01-31,CUST_0033,North,Product B,18352.12,21,0.04,SMB
2022-03-02,CUST_0033,North,Product C,15718.51,134,0.25,Enterprise
2022-04-01,CUST_0033,North,Product A,17311.92,69,0.23,SMB
2022-05-01,CUST_0033,North,Product A,15144.73,89,0.1,Enterprise
2022-05-31,CUST_0033,North,Product C,17641.8,86,0.22,Startup
2022-06-30,CUST_0033,North,Product D,14589.3,121,0.06,Startup
2022-07-30,CUST_0033,North,Product C,11271.95,64,0.12,Enterprise
2022-08-29,CUST_0033,North,Product A,11649.03,465,0.02,Enterprise
2022-09-28,CUST_0033,North,Product C,12530.68,47,0.1,SMB
2022-10-28,CUST_0033,North,Product C,10181.89,434,0.08,SMB
2022-11-27,CUST_0033,North,Product E,12162.52,44,0.16,Startup
2022-12-27,CUST_0033,North,Product D,12081.43,209,0.07,Startup
2023-01-26,CUST_0033,North,Product D,16664.29,109,0.1,Enterprise
2023-02-25,CUST_0033,North,Product E,18118.73,483,0.17,Startup
2023-03-27,CUST_0033,North,Product C,16620.16,156,0.0,SMB
2023-04-26,CUST_0033,North,Product E,15827.31,155,0.14,Enterprise
2023-05-26,CUST_0033,North,Product B,15200.67,187,0.18,SMB
2023-06-25,CUST_0033,North,Product B,14141.33,361,0.06,SMB
2023-07-25,CUST_0033,North,Product B,10710.8,114,0.1,Startup
2023-08-24,CUST_0033,North,Product D,9987.99,404,0.02,Startup
2023-09-23,CUST_0033,North,Product D,10116.55,387,0.15,SMB
2023-10-23,CUST_0033,North,Product D,9924.43,466,0.14,Startup
2023-11-22,CUST_0033,North,Product C,9813.39,39,0.23,Enterprise
2022-01-01,CUST_0034,East,Product D,21518.29,155,0.19,Startup
2022-01-31,CUST_0034,East,Product D,25422.46,101,0.14,Startup
2022-03-02,CUST_0034,East,Product E,25706.25,294,0.06,SMB
2022-04-01,CUST_0034,East,Product D,22628.06,95,0.21,Enterprise
2022-05-01,CUST_0034,East,Product D,28108.58,141,0.06,Enterprise
2022-05-31,CUST_0034,East,Product A,25007.91,292,0.11,Enterprise
2022-06-30,CUST_0034,East,Product B,18219.56,487,0.16,SMB
2022-07-30,CUST_0034,East,Product B,21387.63,348,0.08,Startup
2022-08-29,CUST_0034,East,Product D,17529.72,204,0.07,Startup
2022-09-28,CUST_0034,East,Product E,16334.02,172,0.16,Startup
2022-10-28,CUST_0034,East,Product C,18704.39,310,0.1,Enterprise
2022-11-27,CUST_0034,East,Product B,18836.84,40,0.19,SMB
2022-12-27,CUST_0034,East,Product E,20757.89,80,0.24,Startup
2023-01-26,CUST_0034,East,Product A,23360.1,45,0.2,SMB
2023-02-25,CUST_0034,East,Product B,25028.75,464,0.09,Startup
2023-03-27,CUST_0034,East,Product A,28658.74,300,0.13,Enterprise
2023-04-26,CUST_0034,East,Product D,28046.65,291,0.16,Startup
2023-05-26,CUST_0034,East,Product C,23847.27,314,0.05,Startup
2023-06-25,CUST_0034,East,Product C,18809.25,299,0.06,Enterprise
2023-07-25,CUST_0034,East,Product B,19706.83,489,0.15,Enterprise
2023-08-24,CUST_0034,East,Product E,16846.92,183,0.08,SMB
2023-09-23,CUST_0034,East,Product C,18627.33,332,0.04,SMB
2023-10-23,CUST_0034,East,Product E,19878.58,260,0.2,Startup
2023-11-22,CUST_0034,East,Product C,19227.37,30,0.06,SMB
2022-01-01,CUST_0035,Central,Product C,83680.31,16,0.11,Enterprise
2022-01-31,CUST_0035,Central,Product C,88195.14,204,0.14,SMB
2022-03-02,CUST_0035,Central,Product A,107243.36,317,0.02,SMB
2022-04-01,CUST_0035,Central,Product D,106522.11,497,0.05,SMB
2022-05-01,CUST_0035,Central,Product E,83277.86,386,0.23,Startup
2022-05-31,CUST_0035,Central,Product E,93295.03,11,0.09,Enterprise
2022-06-30,CUST_0035,Central,Product D,90061.97,349,0.24,SMB
2022-07-30,CUST_0035,Central,Product B,74828.55,154,0.21,Enterprise
2022-08-29,CUST_0035,Central,Product B,63838.61,470,0.02,Startup
2022-09-28,CUST_0035,Central,Product C,60857.33,268,0.13,Enterprise
2022-10-28,CUST_0035,Central,Product C,63721.99,199,0.17,Startup
2022-11-27,CUST_0035,Central,Product B,81406.94,196,0.11,Startup
2022-12-27,CUST_0035,Central,Product C,82189.1,376,0.2,SMB
2023-01-26,CUST_0035,Central,Product D,113128.76,275,0.11,Enterprise
2023-02-25,CUST_0035,Central,Product E,105689.85,146,0.19,Startup
2023-03-27,CUST_0035,Central,Product A,127181.71,158,0.2,Startup
2023-04-26,CUST_0035,Central,Product A,112099.1,339,0.13,Startup
2023-05-26,CUST_0035,Central,Product D,109712.75,358,0.18,Startup
2023-06-25,CUST_0035,Central,Product E,110704.73,406,0.1,SMB
2023-07-25,CUST_0035,Central,Product E,93462.35,173,0.04,Startup
2023-08-24,CUST_0035,Central,Product B,73761.54,470,0.22,Enterprise
2023-09-23,CUST_0035,Central,Product D,81040.5,450,0.03,Enterprise
2023-10-23,CUST_0035,Central,Product B,93779.58,246,0.04,Enterprise
2023-11-22,CUST_0035,Central,Product E,106263.96,217,0.13,Enterprise
2022-01-01,CUST_0036,West,Product A,14667.75,38,0.17,Enterprise
2022-01-31,CUST_0036,West,Product C,18211.75,108,0.03,Startup
2022-03-02,CUST_0036,West,Product A,21141.04,36,0.15,Enterprise
2022-04-01,CUST_0036,West,Product C,20398.15,277,0.06,SMB
2022-05-01,CUST_0036,West,Product E,19444.86,474,0.19,SMB
2022-05-31,CUST_0036,West,Product B,17480.26,180,0.13,Enterprise
2022-06-30,CUST_0036,West,Product A,14175.96,118,0.17,SMB
2022-07-30,CUST_0036,West,Product C,12734.97,242,0.08,Enterprise
2022-08-29,CUST_0036,West,Product C,15072.71,441,0.19,Enterprise
2022-09-28,CUST_0036,West,Product E,11495.37,403,0.08,Startup
2022-10-28,CUST_0036,West,Product D,12308.97,62,0.06,Startup
2022-11-27,CUST_0036,West,Product E,16007.92,181,0.15,Startup
2022-12-27,CUST_0036,West,Product D,15908.39,185,0.09,Enterprise
2023-01-26,CUST_0036,West,Product E,18452.04,306,0.1,Enterprise
2023-02-25,CUST_0036,West,Product C,18758.79,481,0.2,Startup
2023-03-27,CUST_0036,West,Product A,21250.53,252,0.18,Startup
2023-04-26,CUST_0036,West,Product A,18135.21,108,0.07,Enterprise
2023-05-26,CUST_0036,West,Product A,18325.56,500,0.11,Startup
2023-06-25,CUST_0036,West,Product B,14058.1,365,0.04,Startup
2023-07-25,CUST_0036,West,Product B,14969.59,476,0.18,Startup
2023-08-24,CUST_0036,West,Product D,11607.1,119,0.06,Startup
2023-09-23,CUST_0036,West,Product D,11526.68,383,0.06,Enterprise
2023-10-23,CUST_0036,West,Product C,13023.5,259,0.05,SMB
2023-11-22,CUST_0036,West,Product D,12954.28,67,0.19,Enterprise
2022-01-01,CUST_0037,West,Product E,39998.12,130,0.1,Startup
2022-01-31,CUST_0037,West,Product A,43014.48,107,0.03,Enterprise
2022-03-02,CUST_0037,West,Product E,48567.29,298,0.02,Enterprise
2022-04-01,CUST_0037,West,Product C,46843.99,424,0.19,Enterprise
2022-05-01,CUST_0037,West,Product A,59145.98,220,0.15,Enterprise
2022-05-31,CUST_0037,West,Product A,49359.11,28,0.11,Enterprise
2022-06-30,CUST_0037,West,Product A,50813.4,50,0.13,Startup
2022-07-30,CUST_0037,West,Product C,45658.61,281,0.07,SMB
2022-08-29,CUST_0037,West,Product D,46139.7,349,0.21,Enterprise
2022-09-28,CUST_0037,West,Product A,39579.55,238,0.15,Startup
2022-10-28,CUST_0037,West,Product A,55573.54,27,0.0,Enterprise
2022-11-27,CUST_0037,West,Product A,49492.51,391,0.14,Startup
2022-12-27,CUST_0037,West,Product A,64433.46,485,0.15,Enterprise
2023-01-26,CUST_0037,West,Product D,86006.01,215,0.07,SMB
2023-02-25,CUST_0037,West,Product B,84182.8,448,0.15,Enterprise
2023-03-27,CUST_0037,West,Product D,99005.34,492,0.09,Startup
2023-04-26,CUST_0037,West,Product C,95696.22,434,0.06,SMB
2023-05-26,CUST_0037,West,Product A,79903.41,172,0.09,Enterprise
2023-06-25,CUST_0037,West,Product B,77005.26,427,0.25,Enterprise
2023-07-25,CUST_0037,West,Product E,79243.23,411,0.02,SMB
2023-08-24,CUST_0037,West,Product B,74690.0,216,0.18,SMB
2023-09-23,CUST_0037,West,Product C,86048.26,84,0.05,Enterprise
2023-10-23,CUST_0037,West,Product B,94149.79,463,0.13,Enterprise
2023-11-22,CUST_0037,West,Product B,85493.07,148,0.16,SMB
2022-01-01,CUST_0038,West,Product E,29892.34,335,0.19,SMB
2022-01-31,CUST_0038,West,Product E,27597.53,68,0.19,Enterprise
2022-03-02,CUST_0038,West,Product A,34709.5,204,0.16,Startup
2022-04-01,CUST_0038,West,Product D,35939.14,33,0.19,Enterprise
2022-05-01,CUST_0038,West,Product D,32320.47,471,0.11,Enterprise
2022-05-31,CUST_0038,West,Product D,34040.37,345,0.19,Startup
2022-06-30,CUST_0038,West,Product A,26660.01,283,0.08,SMB
2022-07-30,CUST_0038,West,Product B,23045.05,138,0.12,SMB
2022-08-29,CUST_0038,West,Product C,19667.15,261,0.24,SMB
2022-09-28,CUST_0038,West,Product A,23392.76,439,0.1,SMB
2022-10-28,CUST_0038,West,Product B,18385.18,240,0.07,Startup
2022-11-27,CUST_0038,West,Product D,20976.96,245,0.09,Startup
2022-12-27,CUST_0038,West,Product A,28093.79,446,0.12,SMB
2023-01-26,CUST_0038,West,Product C,25023.64,101,0.04,Enterprise
2023-02-25,CUST_0038,West,Product C,33446.61,74,0.1,SMB
2023-03-27,CUST_0038,West,Product B,27638.1,397,0.2,Startup
2023-04-26,CUST_0038,West,Product C,26264.28,269,0.09,Enterprise
2023-05-26,CUST_0038,West,Product C,22899.17,456,0.18,Startup
2023-06-25,CUST_0038,West,Product E,24094.57,477,0.19,SMB
2023-07-25,CUST_0038,West,Product B,23741.95,124,0.2,SMB
2023-08-24,CUST_0038,West,Product D,21973.79,118,0.13,SMB
2023-09-23,CUST_0038,West,Product E,18947.62,39,0.14,SMB
2023-10-23,CUST_0038,West,Product E,19112.16,306,0.11,Enterprise
2023-11-22,CUST_0038,West,Product E,20101.84,140,0.14,Startup
2022-01-01,CUST_0039,South,Product B,66101.28,133,0.06,Startup
2022-01-31,CUST_0039,South,Product D,75579.61,33,0.19,Enterprise
2022-03-02,CUST_0039,South,Product E,94069.0,333,0.08,SMB
2022-04-01,CUST_0039,South,Product A,82310.64,374,0.16,Enterprise
2022-05-01,CUST_0039,South,Product B,92151.7,280,0.18,SMB
2022-05-31,CUST_0039,South,Product D,86133.95,326,0.22,Startup
2022-06-30,CUST_0039,South,Product A,82215.77,84,0.22,SMB
2022-07-30,CUST_0039,South,Product A,65313.04,43,0.11,Enterprise
2022-08-29,CUST_0039,South,Product D,59308.63,357,0.2,Enterprise
2022-09-28,CUST_0039,South,Product D,75799.68,208,0.06,SMB
2022-10-28,CUST_0039,South,Product A,66583.68,245,0.01,SMB
2022-11-27,CUST_0039,South,Product A,88717.75,179,0.19,Startup
2022-12-27,CUST_0039,South,Product E,90499.11,96,0.02,Startup
2023-01-26,CUST_0039,South,Product B,92139.01,125,0.16,Enterprise
2023-02-25,CUST_0039,South,Product E,103521.3,305,0.14,Enterprise
2023-03-27,CUST_0039,South,Product B,121881.59,55,0.14,Startup
2023-04-26,CUST_0039,South,Product D,100603.35,366,0.18,Enterprise
2023-05-26,CUST_0039,South,Product C,99617.46,353,0.03,SMB
2023-06-25,CUST_0039,South,Product B,114440.08,320,0.16,Startup
2023-07-25,CUST_0039,South,Product A,84632.57,437,0.06,Enterprise
2023-08-24,CUST_0039,South,Product C,78268.76,69,0.23,Enterprise
2023-09-23,CUST_0039,South,Product D,78653.42,440,0.07,SMB
2023-10-23,CUST_0039,South,Product D,92046.23,362,0.23,Enterprise
2023-11-22,CUST_0039,South,Product E,87458.79,453,0.03,Enterprise
2022-01-01,CUST_0040,Central,Product E,23632.35,106,0.04,Startup
2022-01-31,CUST_0040,Central,Product A,28503.81,484,0.09,Startup
2022-03-02,CUST_0040,Central,Product D,32652.36,477,0.11,Startup
2022-04-01,CUST_0040,Central,Product D,29703.83,188,0.08,Startup
2022-05-01,CUST_0040,Central,Product D,34434.05,255,0.09,SMB
2022-05-31,CUST_0040,Central,Product E,29776.88,390,0.15,Startup
2022-06-30,CUST_0040,Central,Product B,33464.48,46,0.21,Startup
2022-07-30,CUST_0040,Central,Product B,28138.89,389,0.02,Startup
2022-08-29,CUST_0040,Central,Product C,29624.06,214,0.17,Enterprise
2022-09-28,CUST_0040,Central,Product D,29357.21,233,0.08,Startup
2022-10-28,CUST_0040,Central,Product C,25059.6,319,0.11,Enterprise
2022-11-27,CUST_0040,Central,Product B,33614.19,135,0.02,Enterprise
2022-12-27,CUST_0040,Central,Product A,34011.7,463,0.08,Enterprise
2023-01-26,CUST_0040,Central,Product B,36586.35,353,0.12,SMB
2023-02-25,CUST_0040,Central,Product C,46091.34,409,0.09,Enterprise
2023-03-27,CUST_0040,Central,Product B,47239.29,426,0.03,Startup
2023-04-26,CUST_0040,Central,Product B,46408.49,437,0.13,Startup
2023-05-26,CUST_0040,Central,Product E,45365.03,348,0.14,Startup
2023-06-25,CUST_0040,Central,Product D,39094.17,159,0.23,SMB
2023-07-25,CUST_0040,Central,Product E,41624.64,371,0.13,Enterprise
2023-08-24,CUST_0040,Central,Product C,29231.86,11,0.24,SMB
2023-09-23,CUST_0040,Central,Product C,32087.88,30,0.0,Enterprise
2023-10-23,CUST_0040,Central,Product D,40174.64,140,0.03,Enterprise
2023-11-22,CUST_0040,Central,Product C,45265.98,169,0.12,SMB
2022-01-01,CUST_0041,East,Product A,86787.77,66,0.07,SMB
2022-01-31,CUST_0041,East,Product E,83671.02,26,0.15,SMB
2022-03-02,CUST_0041,East,Product C,112194.97,248,0.09,Enterprise
2022-04-01,CUST_0041,East,Product D,99666.3,293,0.24,Startup
2022-05-01,CUST_0041,East,Product D,114432.95,289,0.12,Enterprise
2022-05-31,CUST_0041,East,Product E,113771.71,378,0.13,Startup
2022-06-30,CUST_0041,East,Product A,98834.86,316,0.23,Startup
2022-07-30,CUST_0041,East,Product E,82867.41,407,0.03,SMB
2022-08-29,CUST_0041,East,Product D,76591.44,241,0.2,Startup
2022-09-28,CUST_0041,East,Product B,100605.3,15,0.23,SMB
2022-10-28,CUST_0041,East,Product B,104483.23,151,0.05,Enterprise
2022-11-27,CUST_0041,East,Product B,106699.27,478,0.03,SMB
2022-12-27,CUST_0041,East,Product E,110088.81,228,0.19,Enterprise
2023-01-26,CUST_0041,East,Product C,137307.73,123,0.05,Enterprise
2023-02-25,CUST_0041,East,Product E,144271.27,350,0.1,Enterprise
2023-03-27,CUST_0041,East,Product D,180894.02,115,0.08,Enterprise
2023-04-26,CUST_0041,East,Product A,184869.09,131,0.13,Enterprise
2023-05-26,CUST_0041,East,Product A,185815.59,102,0.2,SMB
2023-06-25,CUST_0041,East,Product E,148375.9,183,0.2,SMB
2023-07-25,CUST_0041,East,Product E,144788.69,176,0.03,Enterprise
2023-08-24,CUST_0041,East,Product E,157646.54,315,0.15,Enterprise
2023-09-23,CUST_0041,East,Product D,129644.78,193,0.01,SMB
2023-10-23,CUST_0041,East,Product D,181497.13,412,0.0,SMB
2023-11-22,CUST_0041,East,Product B,190745.76,381,0.13,Startup
2022-01-01,CUST_0042,South,Product B,49281.32,364,0.05,Enterprise
2022-01-31,CUST_0042,South,Product E,70657.72,44,0.2,Startup
2022-03-02,CUST_0042,South,Product C,75577.4,478,0.19,Enterprise
2022-04-01,CUST_0042,South,Product E,75940.25,100,0.01,SMB
2022-05-01,CUST_0042,South,Product C,76205.83,381,0.08,SMB
2022-05-31,CUST_0042,South,Product B,67054.98,216,0.21,SMB
2022-06-30,CUST_0042,South,Product E,58609.29,284,0.14,SMB
2022-07-30,CUST_0042,South,Product D,60731.92,193,0.01,Enterprise
2022-08-29,CUST_0042,South,Product C,55882.11,250,0.12,Startup
2022-09-28,CUST_0042,South,Product D,51611.01,176,0.01,Startup
2022-10-28,CUST_0042,South,Product C,61485.82,207,0.02,Enterprise
2022-11-27,CUST_0042,South,Product D,52784.97,454,0.14,SMB
2022-12-27,CUST_0042,South,Product E,66662.35,239,0.2,SMB
2023-01-26,CUST_0042,South,Product C,68194.58,152,0.03,Enterprise
2023-02-25,CUST_0042,South,Product B,75524.94,31,0.02,Startup
2023-03-27,CUST_0042,South,Product E,84114.1,18,0.08,Enterprise
2023-04-26,CUST_0042,South,Product A,82188.11,409,0.21,Enterprise
2023-05-26,CUST_0042,South,Product E,85165.69,230,0.02,Enterprise
2023-06-25,CUST_0042,South,Product C,67172.91,131,0.09,Enterprise
2023-07-25,CUST_0042,South,Product E,72175.88,258,0.07,Enterprise
2023-08-24,CUST_0042,South,Product A,65000.47,465,0.08,Enterprise
2023-09-23,CUST_0042,South,Product B,63199.5,408,0.24,SMB
2023-10-23,CUST_0042,South,Product A,56267.23,165,0.21,SMB
2023-11-22,CUST_0042,South,Product D,71876.91,497,0.17,Startup
2022-01-01,CUST_0043,West,Product B,16872.82,143,0.03,Enterprise
2022-01-31,CUST_0043,West,Product B,15660.13,239,0.03,Enterprise
2022-03-02,CUST_0043,West,Product E,18440.65,329,0.14,Startup
2022-04-01,CUST_0043,West,Product D,22452.77,118,0.03,Enterprise
2022-05-01,CUST_0043,West,Product C,17341.24,197,0.2,Enterprise
2022-05-31,CUST_0043,West,Product E,16896.06,332,0.23,Enterprise
2022-06-30,CUST_0043,West,Product D,18339.17,426,0.09,Startup
2022-07-30,CUST_0043,West,Product D,18221.63,306,0.0,SMB
2022-08-29,CUST_0043,West,Product C,12860.62,184,0.03,Startup
2022-09-28,CUST_0043,West,Product B,15276.72,279,0.02,SMB
2022-10-28,CUST_0043,West,Product A,14833.45,374,0.1,Enterprise
2022-11-27,CUST_0043,West,Product E,15460.85,105,0.23,Startup
2022-12-27,CUST_0043,West,Product B,18845.68,280,0.09,SMB
2023-01-26,CUST_0043,West,Product E,25421.24,60,0.17,SMB
2023-02-25,CUST_0043,West,Product D,24276.4,492,0.2,Startup
2023-03-27,CUST_0043,West,Product A,26509.01,237,0.19,SMB
2023-04-26,CUST_0043,West,Product A,25332.17,123,0.24,SMB
2023-05-26,CUST_0043,West,Product D,25356.07,92,0.17,Startup
2023-06-25,CUST_0043,West,Product E,20621.97,169,0.16,SMB
2023-07-25,CUST_0043,West,Product C,22587.71,108,0.1,SMB
2023-08-24,CUST_0043,West,Product C,21644.51,334,0.16,Startup
2023-09-23,CUST_0043,West,Product B,21161.17,14,0.17,SMB
2023-10-23,CUST_0043,West,Product B,19808.61,166,0.21,Startup
2023-11-22,CUST_0043,West,Product E,23930.71,407,0.25,Enterprise
2022-01-01,CUST_0044,South,Product B,46313.32,76,0.05,Enterprise
2022-01-31,CUST_0044,South,Product C,53815.46,140,0.03,SMB
2022-03-02,CUST_0044,South,Product E,57112.94,50,0.05,Startup
2022-04-01,CUST_0044,South,Product D,53976.45,393,0.23,SMB
2022-05-01,CUST_0044,South,Product E,61599.08,416,0.14,Startup
2022-05-31,CUST_0044,South,Product B,60076.98,240,0.11,Enterprise
2022-06-30,CUST_0044,South,Product E,49822.61,261,0.25,Startup
2022-07-30,CUST_0044,South,Product E,48351.72,446,0.07,SMB
2022-08-29,CUST_0044,South,Product B,33727.83,348,0.17,Startup
2022-09-28,CUST_0044,South,Product A,40135.8,220,0.25,SMB
2022-10-28,CUST_0044,South,Product B,34605.59,423,0.01,Enterprise
2022-11-27,CUST_0044,South,Product E,44611.92,120,0.07,Startup
2022-12-27,CUST_0044,South,Product C,42277.41,13,0.04,SMB
2023-01-26,CUST_0044,South,Product D,50361.88,166,0.14,Enterprise
2023-02-25,CUST_0044,South,Product B,50245.48,379,0.0,Enterprise
2023-03-27,CUST_0044,South,Product B,48925.2,172,0.16,Enterprise
2023-04-26,CUST_0044,South,Product B,54039.11,444,0.01,Startup
2023-05-26,CUST_0044,South,Product B,41265.0,327,0.22,Enterprise
2023-06-25,CUST_0044,South,Product A,45219.1,45,0.24,Startup
2023-07-25,CUST_0044,South,Product A,34161.63,128,0.17,Startup
2023-08-24,CUST_0044,South,Product C,29335.94,118,0.17,Enterprise
2023-09-23,CUST_0044,South,Product A,29959.39,464,0.02,Startup
2023-10-23,CUST_0044,South,Product B,30603.85,67,0.03,Enterprise
2023-11-22,CUST_0044,South,Product B,34271.83,294,0.04,SMB
2022-01-01,CUST_0045,West,Product B,23503.81,432,0.13,SMB
2022-01-31,CUST_0045,West,Product D,26572.59,118,0.22,Startup
2022-03-02,CUST_0045,West,Product B,28544.26,23,0.04,SMB
2022-04-01,CUST_0045,West,Product D,27933.05,136,0.08,SMB
2022-05-01,CUST_0045,West,Product B,29004.02,322,0.22,Startup
2022-05-31,CUST_0045,West,Product B,25537.34,116,0.19,Startup
2022-06-30,CUST_0045,West,Product C,29297.91,354,0.24,Startup
2022-07-30,CUST_0045,West,Product C,20264.11,399,0.16,Startup
2022-08-29,CUST_0045,West,Product B,24040.74,403,0.11,SMB
2022-09-28,CUST_0045,West,Product D,20658.89,89,0.11,Startup
2022-10-28,CUST_0045,West,Product A,19147.9,300,0.1,Startup
2022-11-27,CUST_0045,West,Product C,19527.12,209,0.22,SMB
2022-12-27,CUST_0045,West,Product D,22195.96,453,0.2,Enterprise
2023-01-26,CUST_0045,West,Product D,26947.53,438,0.19,Enterprise
2023-02-25,CUST_0045,West,Product D,32004.65,184,0.06,Enterprise
2023-03-27,CUST_0045,West,Product D,26178.38,277,0.22,SMB
2023-04-26,CUST_0045,West,Product A,25590.19,213,0.2,SMB
2023-05-26,CUST_0045,West,Product B,25980.03,138,0.17,Startup
2023-06-25,CUST_0045,West,Product B,27058.61,20,0.19,SMB
2023-07-25,CUST_0045,West,Product D,22331.76,346,0.16,Startup
2023-08-24,CUST_0045,West,Product D,19649.15,317,0.24,Enterprise
2023-09-23,CUST_0045,West,Product E,19219.22,489,0.23,Startup
2023-10-23,CUST_0045,West,Product C,22224.33,163,0.14,Startup
2023-11-22,CUST_0045,West,Product C,19405.04,385,0.04,Enterprise
2022-01-01,CUST_0046,East,Product B,103011.49,106,0.21,Startup
2022-01-31,CUST_0046,East,Product B,95220.32,191,0.15,Startup
2022-03-02,CUST_0046,East,Product C,118179.97,471,0.25,Enterprise
2022-04-01,CUST_0046,East,Product E,116477.61,410,0.19,SMB
2022-05-01,CUST_0046,East,Product D,116950.26,25,0.03,Enterprise
2022-05-31,CUST_0046,East,Product C,94372.91,138,0.1,SMB
2022-06-30,CUST_0046,East,Product D,79415.71,435,0.13,SMB
2022-07-30,CUST_0046,East,Product E,64988.2,254,0.12,Enterprise
2022-08-29,CUST_0046,East,Product B,60117.14,451,0.17,Enterprise
2022-09-28,CUST_0046,East,Product A,61424.0,397,0.21,Enterprise
2022-10-28,CUST_0046,East,Product A,60254.33,399,0.08,SMB
2022-11-27,CUST_0046,East,Product D,78862.71,253,0.0,Startup
2022-12-27,CUST_0046,East,Product E,68030.56,350,0.2,Enterprise
2023-01-26,CUST_0046,East,Product E,83033.21,293,0.05,Startup
2023-02-25,CUST_0046,East,Product E,78900.11,39,0.12,SMB
2023-03-27,CUST_0046,East,Product D,82421.04,216,0.05,Startup
2023-04-26,CUST_0046,East,Product A,92521.92,127,0.1,Enterprise
2023-05-26,CUST_0046,East,Product D,78887.25,29,0.08,Enterprise
2023-06-25,CUST_0046,East,Product A,60282.01,491,0.15,SMB
2023-07-25,CUST_0046,East,Product B,56251.55,444,0.25,Startup
2023-08-24,CUST_0046,East,Product E,47797.36,223,0.24,Startup
2023-09-23,CUST_0046,East,Product A,47455.35,500,0.1,Startup
2023-10-23,CUST_0046,East,Product A,58428.17,187,0.2,Startup
2023-11-22,CUST_0046,East,Product A,59799.98,165,0.23,Startup
2022-01-01,CUST_0047,East,Product C,100934.15,186,0.06,Enterprise
2022-01-31,CUST_0047,East,Product A,111816.37,247,0.17,Startup
2022-03-02,CUST_0047,East,Product E,124021.67,126,0.21,SMB
2022-04-01,CUST_0047,East,Product B,109303.31,56,0.23,Enterprise
2022-05-01,CUST_0047,East,Product A,122005.49,447,0.18,SMB
2022-05-31,CUST_0047,East,Product D,104387.18,243,0.08,Enterprise
2022-06-30,CUST_0047,East,Product C,98561.32,48,0.01,Startup
2022-07-30,CUST_0047,East,Product E,101392.28,144,0.03,Startup
2022-08-29,CUST_0047,East,Product E,96906.08,47,0.11,SMB
2022-09-28,CUST_0047,East,Product D,78936.03,110,0.17,SMB
2022-10-28,CUST_0047,East,Product C,93404.78,320,0.17,SMB
2022-11-27,CUST_0047,East,Product B,94444.5,30,0.07,Enterprise
2022-12-27,CUST_0047,East,Product C,116275.96,341,0.18,Enterprise
2023-01-26,CUST_0047,East,Product C,131693.41,197,0.16,Enterprise
2023-02-25,CUST_0047,East,Product B,147740.34,182,0.23,SMB
2023-03-27,CUST_0047,East,Product E,147447.55,11,0.17,Enterprise
2023-04-26,CUST_0047,East,Product E,157746.59,261,0.17,Enterprise
2023-05-26,CUST_0047,East,Product A,139402.26,320,0.22,SMB
2023-06-25,CUST_0047,East,Product D,135220.07,333,0.16,Enterprise
2023-07-25,CUST_0047,East,Product C,136870.43,351,0.18,SMB
2023-08-24,CUST_0047,East,Product D,122409.58,325,0.03,Startup
2023-09-23,CUST_0047,East,Product C,130623.77,444,0.06,Enterprise
2023-10-23,CUST_0047,East,Product E,108862.0,94,0.14,Startup
2023-11-22,CUST_0047,East,Product D,135702.11,297,0.12,Enterprise
2022-01-01,CUST_0048,South,Product A,33429.12,407,0.15,Startup
2022-01-31,CUST_0048,South,Product B,30906.28,285,0.04,Startup
2022-03-02,CUST_0048,South,Product A,38183.16,122,0.07,SMB
2022-04-01,CUST_0048,South,Product B,33467.33,110,0.09,Startup
2022-05-01,CUST_0048,South,Product E,43760.0,206,0.23,Startup
2022-05-31,CUST_0048,South,Product C,39985.55,320,0.14,Enterprise
2022-06-30,CUST_0048,South,Product E,34268.7,30,0.02,Startup
2022-07-30,CUST_0048,South,Product B,34391.85,39,0.05,Startup
2022-08-29,CUST_0048,South,Product D,27048.91,242,0.05,Enterprise
2022-09-28,CUST_0048,South,Product D,27100.14,400,0.12,Startup
2022-10-28,CUST_0048,South,Product E,35715.22,399,0.11,SMB
2022-11-27,CUST_0048,South,Product D,37021.13,307,0.01,Startup
2022-12-27,CUST_0048,South,Product C,40412.35,496,0.23,SMB
2023-01-26,CUST_0048,South,Product D,48953.89,320,0.09,Startup
2023-02-25,CUST_0048,South,Product C,56010.82,464,0.01,Enterprise
2023-03-27,CUST_0048,South,Product D,55783.26,14,0.22,SMB
2023-04-26,CUST_0048,South,Product A,57523.37,360,0.01,SMB
2023-05-26,CUST_0048,South,Product A,50962.47,247,0.02,Enterprise
2023-06-25,CUST_0048,South,Product A,51058.62,111,0.12,SMB
2023-07-25,CUST_0048,South,Product A,51161.6,314,0.01,Startup
2023-08-24,CUST_0048,South,Product E,46998.11,179,0.22,SMB
2023-09-23,CUST_0048,South,Product E,44763.74,176,0.05,Startup
2023-10-23,CUST_0048,South,Product C,43927.21,147,0.17,Startup
2023-11-22,CUST_0048,South,Product E,55558.89,330,0.15,SMB
2022-01-01,CUST_0049,Central,Product B,30227.17,330,0.02,SMB
2022-01-31,CUST_0049,Central,Product E,36636.43,272,0.09,Enterprise
2022-03-02,CUST_0049,Central,Product E,44903.5,119,0.0,Enterprise
2022-04-01,CUST_0049,Central,Product E,49318.62,50,0.03,Enterprise
2022-05-01,CUST_0049,Central,Product B,48887.28,443,0.23,Startup
2022-05-31,CUST_0049,Central,Product A,37325.43,250,0.17,Enterprise
2022-06-30,CUST_0049,Central,Product C,36119.64,283,0.15,SMB
2022-07-30,CUST_0049,Central,Product E,31899.8,496,0.2,SMB
2022-08-29,CUST_0049,Central,Product C,29414.56,491,0.11,Startup
2022-09-28,CUST_0049,Central,Product B,38052.29,452,0.21,SMB
2022-10-28,CUST_0049,Central,Product B,34432.32,200,0.13,SMB
2022-11-27,CUST_0049,Central,Product C,37605.43,200,0.13,Enterprise
2022-12-27,CUST_0049,Central,Product E,39214.88,47,0.06,Enterprise
2023-01-26,CUST_0049,Central,Product A,54843.3,429,0.21,SMB
2023-02-25,CUST_0049,Central,Product E,49300.94,468,0.21,Startup
2023-03-27,CUST_0049,Central,Product D,50351.55,143,0.05,SMB
2023-04-26,CUST_0049,Central,Product C,52219.58,138,0.11,Enterprise
2023-05-26,CUST_0049,Central,Product E,56158.12,79,0.02,Enterprise
2023-06-25,CUST_0049,Central,Product A,51232.88,303,0.01,SMB
2023-07-25,CUST_0049,Central,Product A,46827.47,289,0.09,Startup
2023-08-24,CUST_0049,Central,Product E,47405.29,81,0.04,Enterprise
2023-09-23,CUST_0049,Central,Product E,49157.97,335,0.12,Enterprise
2023-10-23,CUST_0049,Central,Product C,47165.06,214,0.19,Enterprise
2023-11-22,CUST_0049,Central,Product C,51433.32,203,0.17,Enterprise
2022-01-01,CUST_0050,South,Product C,91784.12,441,0.24,SMB
2022-01-31,CUST_0050,South,Product B,86766.53,96,0.11,Enterprise
2022-03-02,CUST_0050,South,Product B,112712.14,466,0.05,Startup
2022-04-01,CUST_0050,South,Product A,93899.01,209,0.05,SMB
2022-05-01,CUST_0050,South,Product B,106778.89,232,0.03,SMB
2022-05-31,CUST_0050,South,Product E,108260.06,244,0.19,Startup
2022-06-30,CUST_0050,South,Product A,106212.0,28,0.09,SMB
2022-07-30,CUST_0050,South,Product D,76544.02,67,0.15,Startup
2022-08-29,CUST_0050,South,Product E,90420.65,239,0.05,SMB
2022-09-28,CUST_0050,South,Product B,72316.89,314,0.15,Startup
2022-10-28,CUST_0050,South,Product C,93989.85,62,0.13,Startup
2022-11-27,CUST_0050,South,Product C,85478.97,160,0.07,SMB
2022-12-27,CUST_0050,South,Product C,119806.66,486,0.19,Enterprise
2023-01-26,CUST_0050,South,Product B,132038.54,496,0.03,SMB
2023-02-25,CUST_0050,South,Product E,146797.3,270,0.15,SMB
2023-03-27,CUST_0050,South,Product C,155309.43,399,0.09,SMB
2023-04-26,CUST_0050,South,Product D,160533.43,451,0.01,SMB
2023-05-26,CUST_0050,South,Product D,135600.19,461,0.19,Startup
2023-06-25,CUST_0050,South,Product C,132176.06,51,0.24,SMB
2023-07-25,CUST_0050,South,Product C,105279.48,48,0.01,SMB
2023-08-24,CUST_0050,South,Product D,112685.21,225,0.16,Enterprise
2023-09-23,CUST_0050,South,Product E,98778.6,442,0.01,Startup
2023-10-23,CUST_0050,South,Product B,120476.52,469,0.19,Startup
2023-11-22,CUST_0050,South,Product C,147747.24,406,0.18,SMB
